
bin\Debug\final.elf:     file format elf32-avr

Sections:
Idx Name          Size      VMA       LMA       File off  Algn
  0 .text         00002bea  00000000  00000000  000000b4  2**1
                  CONTENTS, ALLOC, LOAD, READONLY, CODE
  1 .data         00000014  00800060  00002bea  00002c9e  2**0
                  CONTENTS, ALLOC, LOAD, DATA
  2 .bss          00000016  00800074  00800074  00002cb2  2**0
                  ALLOC
  3 .fuse         00000002  00820000  00820000  00002cb2  2**0
                  CONTENTS, ALLOC, LOAD, DATA
  4 .comment      0000002f  00000000  00000000  00002cb4  2**0
                  CONTENTS, READONLY
  5 .note.gnu.avr.deviceinfo 0000003c  00000000  00000000  00002ce4  2**2
                  CONTENTS, READONLY, OCTETS
  6 .debug_aranges 000001d8  00000000  00000000  00002d20  2**0
                  CONTENTS, READONLY, DEBUGGING, OCTETS
  7 .debug_info   000028ad  00000000  00000000  00002ef8  2**0
                  CONTENTS, READONLY, DEBUGGING, OCTETS
  8 .debug_abbrev 000011a9  00000000  00000000  000057a5  2**0
                  CONTENTS, READONLY, DEBUGGING, OCTETS
  9 .debug_line   000021a7  00000000  00000000  0000694e  2**0
                  CONTENTS, READONLY, DEBUGGING, OCTETS
 10 .debug_frame  00000dd8  00000000  00000000  00008af8  2**2
                  CONTENTS, READONLY, DEBUGGING, OCTETS
 11 .debug_str    00001455  00000000  00000000  000098d0  2**0
                  CONTENTS, READONLY, DEBUGGING, OCTETS
 12 .debug_line_str 000004a4  00000000  00000000  0000ad25  2**0
                  CONTENTS, READONLY, DEBUGGING, OCTETS

Disassembly of section .text:

00000000 <__vectors>:
       0:	0c 94 2a 00 	jmp	0x54	; 0x54 <__ctors_end>
       4:	0c 94 47 00 	jmp	0x8e	; 0x8e <__bad_interrupt>
       8:	0c 94 59 0d 	jmp	0x1ab2	; 0x1ab2 <__vector_2>
       c:	0c 94 47 00 	jmp	0x8e	; 0x8e <__bad_interrupt>
      10:	0c 94 1e 14 	jmp	0x283c	; 0x283c <__vector_4>
      14:	0c 94 53 14 	jmp	0x28a6	; 0x28a6 <__vector_5>
      18:	0c 94 88 11 	jmp	0x2310	; 0x2310 <__vector_6>
      1c:	0c 94 bd 11 	jmp	0x237a	; 0x237a <__vector_7>
      20:	0c 94 f2 11 	jmp	0x23e4	; 0x23e4 <__vector_8>
      24:	0c 94 27 12 	jmp	0x244e	; 0x244e <__vector_9>
      28:	0c 94 4c 0e 	jmp	0x1c98	; 0x1c98 <__vector_10>
      2c:	0c 94 81 0e 	jmp	0x1d02	; 0x1d02 <__vector_11>
      30:	0c 94 47 00 	jmp	0x8e	; 0x8e <__bad_interrupt>
      34:	0c 94 47 00 	jmp	0x8e	; 0x8e <__bad_interrupt>
      38:	0c 94 47 00 	jmp	0x8e	; 0x8e <__bad_interrupt>
      3c:	0c 94 47 00 	jmp	0x8e	; 0x8e <__bad_interrupt>
      40:	0c 94 d1 08 	jmp	0x11a2	; 0x11a2 <__vector_16>
      44:	0c 94 47 00 	jmp	0x8e	; 0x8e <__bad_interrupt>
      48:	0c 94 47 00 	jmp	0x8e	; 0x8e <__bad_interrupt>
      4c:	0c 94 47 00 	jmp	0x8e	; 0x8e <__bad_interrupt>
      50:	0c 94 47 00 	jmp	0x8e	; 0x8e <__bad_interrupt>

00000054 <__ctors_end>:
      54:	11 24       	eor	r1, r1
      56:	1f be       	out	0x3f, r1	; 63
      58:	cf e5       	ldi	r28, 0x5F	; 95
      5a:	d8 e0       	ldi	r29, 0x08	; 8
      5c:	de bf       	out	0x3e, r29	; 62
      5e:	cd bf       	out	0x3d, r28	; 61

00000060 <__do_copy_data>:
      60:	10 e0       	ldi	r17, 0x00	; 0

00000062 <.Loc.1>:
      62:	a0 e6       	ldi	r26, 0x60	; 96

00000064 <.Loc.2>:
      64:	b0 e0       	ldi	r27, 0x00	; 0

00000066 <.Loc.3>:
      66:	ea ee       	ldi	r30, 0xEA	; 234

00000068 <.Loc.4>:
      68:	fb e2       	ldi	r31, 0x2B	; 43

0000006a <.Loc.5>:
      6a:	02 c0       	rjmp	.+4      	; 0x70 <.L__do_copy_data_start>

0000006c <.L__do_copy_data_loop>:
      6c:	05 90       	lpm	r0, Z+

0000006e <.Loc.7>:
      6e:	0d 92       	st	X+, r0

00000070 <.L__do_copy_data_start>:
      70:	a4 37       	cpi	r26, 0x74	; 116

00000072 <.Loc.9>:
      72:	b1 07       	cpc	r27, r17

00000074 <.Loc.10>:
      74:	d9 f7       	brne	.-10     	; 0x6c <.L__do_copy_data_loop>

00000076 <__do_clear_bss>:
      76:	20 e0       	ldi	r18, 0x00	; 0

00000078 <.Loc.1>:
      78:	a4 e7       	ldi	r26, 0x74	; 116

0000007a <.Loc.2>:
      7a:	b0 e0       	ldi	r27, 0x00	; 0

0000007c <.Loc.3>:
      7c:	01 c0       	rjmp	.+2      	; 0x80 <.Loc.5>

0000007e <.Loc.4>:
      7e:	1d 92       	st	X+, r1

00000080 <.Loc.5>:
      80:	aa 38       	cpi	r26, 0x8A	; 138

00000082 <.Loc.6>:
      82:	b2 07       	cpc	r27, r18

00000084 <.Loc.7>:
      84:	e1 f7       	brne	.-8      	; 0x7e <.Loc.4>

00000086 <L0^A>:
      86:	0e 94 84 07 	call	0xf08	; 0xf08 <main>
      8a:	0c 94 f3 15 	jmp	0x2be6	; 0x2be6 <_exit>

0000008e <__bad_interrupt>:
      8e:	0c 94 00 00 	jmp	0	; 0x0 <__vectors>

00000092 <Btn_Init>:
#include "Button_Interface.h"

void Btn_Init(uint8_t ButtonGroup,uint8_t ButtonPin,uint8_t Connection)
{
      92:	cf 93       	push	r28
      94:	df 93       	push	r29
      96:	00 d0       	rcall	.+0      	; 0x98 <L0^A>

00000098 <L0^A>:
      98:	0f 92       	push	r0
      9a:	cd b7       	in	r28, 0x3d	; 61
      9c:	de b7       	in	r29, 0x3e	; 62
      9e:	89 83       	std	Y+1, r24	; 0x01
      a0:	6a 83       	std	Y+2, r22	; 0x02
      a2:	4b 83       	std	Y+3, r20	; 0x03

000000a4 <.Loc.1>:
    DIO_DirectionSelectforPin(ButtonGroup,ButtonPin,DIO_Inputfor1Pin);
      a4:	40 e0       	ldi	r20, 0x00	; 0
      a6:	6a 81       	ldd	r22, Y+2	; 0x02
      a8:	89 81       	ldd	r24, Y+1	; 0x01
      aa:	0e 94 fa 08 	call	0x11f4	; 0x11f4 <DIO_DirectionSelectforPin>

000000ae <.Loc.2>:

    if(Connection==Button_InternalPullUp)
      ae:	8b 81       	ldd	r24, Y+3	; 0x03
      b0:	81 15       	cp	r24, r1
      b2:	31 f4       	brne	.+12     	; 0xc0 <.L2>

000000b4 <.Loc.3>:
    {
        DIO_WritePin(ButtonGroup,ButtonPin,DIO_Highfor1Pin);
      b4:	41 e0       	ldi	r20, 0x01	; 1
      b6:	6a 81       	ldd	r22, Y+2	; 0x02
      b8:	89 81       	ldd	r24, Y+1	; 0x01
      ba:	0e 94 3c 0a 	call	0x1478	; 0x1478 <DIO_WritePin>

000000be <.Loc.4>:
    }
    else
    {
        // Error
    }
}
      be:	0b c0       	rjmp	.+22     	; 0xd6 <.L5>

000000c0 <.L2>:
    else if(Connection==Button_ExternalPullUp || Connection==Button_ExternalPullDown)
      c0:	8b 81       	ldd	r24, Y+3	; 0x03
      c2:	81 30       	cpi	r24, 0x01	; 1
      c4:	19 f0       	breq	.+6      	; 0xcc <.L4>

000000c6 <.Loc.6>:
      c6:	8b 81       	ldd	r24, Y+3	; 0x03
      c8:	82 30       	cpi	r24, 0x02	; 2
      ca:	29 f4       	brne	.+10     	; 0xd6 <.L5>

000000cc <.L4>:
        DIO_WritePin(ButtonGroup,ButtonPin,DIO_Lowfor1Pin);
      cc:	40 e0       	ldi	r20, 0x00	; 0
      ce:	6a 81       	ldd	r22, Y+2	; 0x02
      d0:	89 81       	ldd	r24, Y+1	; 0x01
      d2:	0e 94 3c 0a 	call	0x1478	; 0x1478 <DIO_WritePin>

000000d6 <.L5>:
}
      d6:	00 00       	nop
      d8:	0f 90       	pop	r0
      da:	0f 90       	pop	r0
      dc:	0f 90       	pop	r0
      de:	df 91       	pop	r29
      e0:	cf 91       	pop	r28
      e2:	08 95       	ret

000000e4 <Btn_ReadState>:

uint8_t Btn_ReadState(uint8_t ButtonGroup,uint8_t ButtonPin,uint8_t Connection)
{
      e4:	cf 93       	push	r28
      e6:	df 93       	push	r29
      e8:	00 d0       	rcall	.+0      	; 0xea <L0^A>

000000ea <L0^A>:
      ea:	00 d0       	rcall	.+0      	; 0xec <L0^A>

000000ec <L0^A>:
      ec:	cd b7       	in	r28, 0x3d	; 61
      ee:	de b7       	in	r29, 0x3e	; 62
      f0:	8a 83       	std	Y+2, r24	; 0x02
      f2:	6b 83       	std	Y+3, r22	; 0x03
      f4:	4c 83       	std	Y+4, r20	; 0x04

000000f6 <.Loc.10>:
    uint8_t ButtonState=0xFF;
      f6:	8f ef       	ldi	r24, 0xFF	; 255
      f8:	89 83       	std	Y+1, r24	; 0x01

000000fa <.Loc.11>:

    if(Connection==Button_InternalPullUp||
      fa:	8c 81       	ldd	r24, Y+4	; 0x04
      fc:	81 15       	cp	r24, r1
      fe:	31 f0       	breq	.+12     	; 0x10c <.L7>

00000100 <.Loc.12>:
     100:	8c 81       	ldd	r24, Y+4	; 0x04
     102:	81 30       	cpi	r24, 0x01	; 1
     104:	19 f0       	breq	.+6      	; 0x10c <.L7>

00000106 <.Loc.13>:
       Connection==Button_ExternalPullUp||
     106:	8c 81       	ldd	r24, Y+4	; 0x04
     108:	82 30       	cpi	r24, 0x02	; 2
     10a:	39 f4       	brne	.+14     	; 0x11a <.L8>

0000010c <.L7>:
       Connection==Button_ExternalPullDown)
    {
        DIO_ReadPin(ButtonGroup,ButtonPin,&ButtonState);
     10c:	ce 01       	movw	r24, r28
     10e:	01 96       	adiw	r24, 0x01	; 1
     110:	ac 01       	movw	r20, r24
     112:	6b 81       	ldd	r22, Y+3	; 0x03
     114:	8a 81       	ldd	r24, Y+2	; 0x02
     116:	0e 94 7d 0b 	call	0x16fa	; 0x16fa <DIO_ReadPin>

0000011a <.L8>:
    else
    {
        // Error
    }

    return ButtonState;
     11a:	89 81       	ldd	r24, Y+1	; 0x01

0000011c <.Loc.16>:
     11c:	0f 90       	pop	r0
     11e:	0f 90       	pop	r0
     120:	0f 90       	pop	r0
     122:	0f 90       	pop	r0
     124:	df 91       	pop	r29
     126:	cf 91       	pop	r28
     128:	08 95       	ret

0000012a <Buzzer_Init>:
 * 
 */
#include "Buzzer_Interface.h"

void Buzzer_Init(uint8_t BuzzerGroup, uint8_t BuzzerPin)
{
     12a:	cf 93       	push	r28
     12c:	df 93       	push	r29
     12e:	00 d0       	rcall	.+0      	; 0x130 <L0^A>

00000130 <L0^A>:
     130:	cd b7       	in	r28, 0x3d	; 61
     132:	de b7       	in	r29, 0x3e	; 62
     134:	89 83       	std	Y+1, r24	; 0x01
     136:	6a 83       	std	Y+2, r22	; 0x02

00000138 <.Loc.1>:
    DIO_DirectionSelectforPin(BuzzerGroup, BuzzerPin, DIO_Outputfor1Pin);
     138:	41 e0       	ldi	r20, 0x01	; 1
     13a:	6a 81       	ldd	r22, Y+2	; 0x02
     13c:	89 81       	ldd	r24, Y+1	; 0x01
     13e:	0e 94 fa 08 	call	0x11f4	; 0x11f4 <DIO_DirectionSelectforPin>

00000142 <.Loc.2>:
    DIO_WritePin(BuzzerGroup, BuzzerPin, DIO_Lowfor1Pin);
     142:	40 e0       	ldi	r20, 0x00	; 0
     144:	6a 81       	ldd	r22, Y+2	; 0x02
     146:	89 81       	ldd	r24, Y+1	; 0x01
     148:	0e 94 3c 0a 	call	0x1478	; 0x1478 <DIO_WritePin>

0000014c <.Loc.3>:
}
     14c:	00 00       	nop
     14e:	0f 90       	pop	r0
     150:	0f 90       	pop	r0
     152:	df 91       	pop	r29
     154:	cf 91       	pop	r28
     156:	08 95       	ret

00000158 <Buzzer_On>:

void Buzzer_On(uint8_t BuzzerGroup, uint8_t BuzzerPin)
{
     158:	cf 93       	push	r28
     15a:	df 93       	push	r29
     15c:	00 d0       	rcall	.+0      	; 0x15e <L0^A>

0000015e <L0^A>:
     15e:	cd b7       	in	r28, 0x3d	; 61
     160:	de b7       	in	r29, 0x3e	; 62
     162:	89 83       	std	Y+1, r24	; 0x01
     164:	6a 83       	std	Y+2, r22	; 0x02

00000166 <.Loc.5>:
    DIO_WritePin(BuzzerGroup, BuzzerPin, DIO_Highfor1Pin);
     166:	41 e0       	ldi	r20, 0x01	; 1
     168:	6a 81       	ldd	r22, Y+2	; 0x02
     16a:	89 81       	ldd	r24, Y+1	; 0x01
     16c:	0e 94 3c 0a 	call	0x1478	; 0x1478 <DIO_WritePin>

00000170 <.Loc.6>:
}
     170:	00 00       	nop
     172:	0f 90       	pop	r0
     174:	0f 90       	pop	r0
     176:	df 91       	pop	r29
     178:	cf 91       	pop	r28
     17a:	08 95       	ret

0000017c <Buzzer_Off>:

void Buzzer_Off(uint8_t BuzzerGroup, uint8_t BuzzerPin)
{
     17c:	cf 93       	push	r28
     17e:	df 93       	push	r29
     180:	00 d0       	rcall	.+0      	; 0x182 <L0^A>

00000182 <L0^A>:
     182:	cd b7       	in	r28, 0x3d	; 61
     184:	de b7       	in	r29, 0x3e	; 62
     186:	89 83       	std	Y+1, r24	; 0x01
     188:	6a 83       	std	Y+2, r22	; 0x02

0000018a <.Loc.8>:
    DIO_WritePin(BuzzerGroup, BuzzerPin, DIO_Lowfor1Pin);
     18a:	40 e0       	ldi	r20, 0x00	; 0
     18c:	6a 81       	ldd	r22, Y+2	; 0x02
     18e:	89 81       	ldd	r24, Y+1	; 0x01
     190:	0e 94 3c 0a 	call	0x1478	; 0x1478 <DIO_WritePin>

00000194 <.Loc.9>:
     194:	00 00       	nop
     196:	0f 90       	pop	r0
     198:	0f 90       	pop	r0
     19a:	df 91       	pop	r29
     19c:	cf 91       	pop	r28
     19e:	08 95       	ret

000001a0 <KPD_Init>:
 */

 #include "KeyPad_Interface.h"

 void KPD_Init()
 {
     1a0:	cf 93       	push	r28
     1a2:	df 93       	push	r29
     1a4:	cd b7       	in	r28, 0x3d	; 61
     1a6:	de b7       	in	r29, 0x3e	; 62

000001a8 <.Loc.1>:

 }
     1a8:	00 00       	nop
     1aa:	df 91       	pop	r29
     1ac:	cf 91       	pop	r28
     1ae:	08 95       	ret

000001b0 <KPD_GetPressedKey>:

 uint8_t KPD_GetPressedKey()
 {
     1b0:	cf 93       	push	r28
     1b2:	df 93       	push	r29
     1b4:	cd b7       	in	r28, 0x3d	; 61
     1b6:	de b7       	in	r29, 0x3e	; 62

000001b8 <.Loc.3>:
    
     1b8:	00 00       	nop
     1ba:	df 91       	pop	r29
     1bc:	cf 91       	pop	r28
     1be:	08 95       	ret

000001c0 <LCD_Init>:
 */

#include "LCD_Interface.h"

void LCD_Init()
{
     1c0:	0f 93       	push	r16
     1c2:	1f 93       	push	r17
     1c4:	cf 93       	push	r28
     1c6:	df 93       	push	r29
     1c8:	cd b7       	in	r28, 0x3d	; 61
     1ca:	de b7       	in	r29, 0x3e	; 62
     1cc:	c6 54       	subi	r28, 0x46	; 70
     1ce:	d1 09       	sbc	r29, r1
     1d0:	0f b6       	in	r0, 0x3f	; 63
     1d2:	f8 94       	cli
     1d4:	de bf       	out	0x3e, r29	; 62
     1d6:	0f be       	out	0x3f, r0	; 63
     1d8:	cd bf       	out	0x3d, r28	; 61

000001da <.Loc.1>:

    /*Direction*/
    // RS -> Output
    DIO_DirectionSelectforPin(RSGroup,RSPin,DIO_Outputfor1Pin);
     1da:	41 e0       	ldi	r20, 0x01	; 1
     1dc:	60 e0       	ldi	r22, 0x00	; 0
     1de:	81 e0       	ldi	r24, 0x01	; 1
     1e0:	0e 94 fa 08 	call	0x11f4	; 0x11f4 <DIO_DirectionSelectforPin>

000001e4 <.Loc.2>:
    // RW -> Output 
    DIO_DirectionSelectforPin(RWGroup,RWPin,DIO_Outputfor1Pin);
     1e4:	41 e0       	ldi	r20, 0x01	; 1
     1e6:	61 e0       	ldi	r22, 0x01	; 1
     1e8:	81 e0       	ldi	r24, 0x01	; 1
     1ea:	0e 94 fa 08 	call	0x11f4	; 0x11f4 <DIO_DirectionSelectforPin>

000001ee <.Loc.3>:
    // E  -> Output
    DIO_DirectionSelectforPin(EGroup,EPin,DIO_Outputfor1Pin);
     1ee:	41 e0       	ldi	r20, 0x01	; 1
     1f0:	62 e0       	ldi	r22, 0x02	; 2
     1f2:	81 e0       	ldi	r24, 0x01	; 1
     1f4:	0e 94 fa 08 	call	0x11f4	; 0x11f4 <DIO_DirectionSelectforPin>

000001f8 <.Loc.4>:
    #if LCD_TypeMode==Lcd_8bitMode
        // DataPin -> All Output 
        DIO_DirectionSelectforGroup(DataGroup,DIO_Outputfor1Group);
     1f8:	6f ef       	ldi	r22, 0xFF	; 255
     1fa:	83 e0       	ldi	r24, 0x03	; 3
     1fc:	0e 94 01 0a 	call	0x1402	; 0x1402 <DIO_DirectionSelectforGroup>
     200:	80 e0       	ldi	r24, 0x00	; 0
     202:	90 e0       	ldi	r25, 0x00	; 0
     204:	ac e0       	ldi	r26, 0x0C	; 12
     206:	b2 e4       	ldi	r27, 0x42	; 66
     208:	89 af       	std	Y+57, r24	; 0x39
     20a:	9a af       	std	Y+58, r25	; 0x3a
     20c:	ab af       	std	Y+59, r26	; 0x3b
     20e:	bc af       	std	Y+60, r27	; 0x3c

00000210 <.LBB42>:

	__builtin_avr_delay_cycles(__ticks_dc);

#else
	uint16_t __ticks;
	__tmp = ((F_CPU) / 4e3) * __ms;
     210:	20 e0       	ldi	r18, 0x00	; 0
     212:	30 e0       	ldi	r19, 0x00	; 0
     214:	4a e7       	ldi	r20, 0x7A	; 122
     216:	55 e4       	ldi	r21, 0x45	; 69
     218:	69 ad       	ldd	r22, Y+57	; 0x39
     21a:	7a ad       	ldd	r23, Y+58	; 0x3a
     21c:	8b ad       	ldd	r24, Y+59	; 0x3b
     21e:	9c ad       	ldd	r25, Y+60	; 0x3c
     220:	0e 94 5e 15 	call	0x2abc	; 0x2abc <__mulsf3>
     224:	dc 01       	movw	r26, r24
     226:	cb 01       	movw	r24, r22
     228:	9e 01       	movw	r18, r28
     22a:	23 5c       	subi	r18, 0xC3	; 195
     22c:	3f 4f       	sbci	r19, 0xFF	; 255
     22e:	f9 01       	movw	r30, r18
     230:	80 83       	st	Z, r24
     232:	91 83       	std	Z+1, r25	; 0x01
     234:	a2 83       	std	Z+2, r26	; 0x02
     236:	b3 83       	std	Z+3, r27	; 0x03

00000238 <.Loc.6>:
	if (__tmp < 1.0)
     238:	20 e0       	ldi	r18, 0x00	; 0
     23a:	30 e0       	ldi	r19, 0x00	; 0
     23c:	40 e8       	ldi	r20, 0x80	; 128
     23e:	5f e3       	ldi	r21, 0x3F	; 63
     240:	ce 01       	movw	r24, r28
     242:	cd 96       	adiw	r24, 0x3d	; 61
     244:	fc 01       	movw	r30, r24
     246:	60 81       	ld	r22, Z
     248:	71 81       	ldd	r23, Z+1	; 0x01
     24a:	82 81       	ldd	r24, Z+2	; 0x02
     24c:	93 81       	ldd	r25, Z+3	; 0x03
     24e:	0e 94 d8 14 	call	0x29b0	; 0x29b0 <__cmpsf2>
     252:	81 15       	cp	r24, r1
     254:	4c f4       	brge	.+18     	; 0x268 <.L52>

00000256 <.Loc.7>:
		__ticks = 1;
     256:	ce 01       	movw	r24, r28
     258:	8f 5b       	subi	r24, 0xBF	; 191
     25a:	9f 4f       	sbci	r25, 0xFF	; 255
     25c:	21 e0       	ldi	r18, 0x01	; 1
     25e:	30 e0       	ldi	r19, 0x00	; 0
     260:	fc 01       	movw	r30, r24
     262:	31 83       	std	Z+1, r19	; 0x01
     264:	20 83       	st	Z, r18
     266:	68 c0       	rjmp	.+208    	; 0x338 <.L4>

00000268 <.L52>:
	else if (__tmp > 65535)
     268:	20 e0       	ldi	r18, 0x00	; 0
     26a:	3f ef       	ldi	r19, 0xFF	; 255
     26c:	4f e7       	ldi	r20, 0x7F	; 127
     26e:	57 e4       	ldi	r21, 0x47	; 71
     270:	ce 01       	movw	r24, r28
     272:	cd 96       	adiw	r24, 0x3d	; 61
     274:	fc 01       	movw	r30, r24
     276:	60 81       	ld	r22, Z
     278:	71 81       	ldd	r23, Z+1	; 0x01
     27a:	82 81       	ldd	r24, Z+2	; 0x02
     27c:	93 81       	ldd	r25, Z+3	; 0x03
     27e:	0e 94 59 15 	call	0x2ab2	; 0x2ab2 <__gesf2>
     282:	81 30       	cpi	r24, 0x01	; 1
     284:	0c f4       	brge	.+2      	; 0x288 <.Loc.9>

00000286 <L0^A>:
     286:	47 c0       	rjmp	.+142    	; 0x316 <.L53>

00000288 <.Loc.9>:
	{
		//	__ticks = requested delay in 1/10 ms
		__ticks = (uint16_t) (__ms * 10.0);
     288:	20 e0       	ldi	r18, 0x00	; 0
     28a:	30 e0       	ldi	r19, 0x00	; 0
     28c:	40 e2       	ldi	r20, 0x20	; 32
     28e:	51 e4       	ldi	r21, 0x41	; 65
     290:	69 ad       	ldd	r22, Y+57	; 0x39
     292:	7a ad       	ldd	r23, Y+58	; 0x3a
     294:	8b ad       	ldd	r24, Y+59	; 0x3b
     296:	9c ad       	ldd	r25, Y+60	; 0x3c
     298:	0e 94 5e 15 	call	0x2abc	; 0x2abc <__mulsf3>
     29c:	dc 01       	movw	r26, r24
     29e:	cb 01       	movw	r24, r22

000002a0 <.Loc.10>:
     2a0:	8e 01       	movw	r16, r28
     2a2:	0f 5b       	subi	r16, 0xBF	; 191
     2a4:	1f 4f       	sbci	r17, 0xFF	; 255
     2a6:	bc 01       	movw	r22, r24
     2a8:	cd 01       	movw	r24, r26
     2aa:	0e 94 dd 14 	call	0x29ba	; 0x29ba <__fixunssfsi>
     2ae:	dc 01       	movw	r26, r24
     2b0:	cb 01       	movw	r24, r22
     2b2:	f8 01       	movw	r30, r16
     2b4:	91 83       	std	Z+1, r25	; 0x01
     2b6:	80 83       	st	Z, r24

000002b8 <.Loc.11>:
		while(__ticks)
     2b8:	25 c0       	rjmp	.+74     	; 0x304 <.L7>

000002ba <.L8>:
     2ba:	ce 01       	movw	r24, r28
     2bc:	8d 5b       	subi	r24, 0xBD	; 189
     2be:	9f 4f       	sbci	r25, 0xFF	; 255
     2c0:	20 e9       	ldi	r18, 0x90	; 144
     2c2:	31 e0       	ldi	r19, 0x01	; 1
     2c4:	fc 01       	movw	r30, r24
     2c6:	31 83       	std	Z+1, r19	; 0x01
     2c8:	20 83       	st	Z, r18

000002ca <.LBB44>:
		"   sbci %B0,0" "\n\t"
		"brne 1b"
		: "+d" (__count)
	);
#else
	__asm__ volatile (
     2ca:	ce 01       	movw	r24, r28
     2cc:	8d 5b       	subi	r24, 0xBD	; 189
     2ce:	9f 4f       	sbci	r25, 0xFF	; 255
     2d0:	fc 01       	movw	r30, r24
     2d2:	80 81       	ld	r24, Z
     2d4:	91 81       	ldd	r25, Z+1	; 0x01

000002d6 <.L1^B1>:
     2d6:	01 97       	sbiw	r24, 0x01	; 1
     2d8:	f1 f7       	brne	.-4      	; 0x2d6 <.L1^B1>
     2da:	9e 01       	movw	r18, r28
     2dc:	2d 5b       	subi	r18, 0xBD	; 189
     2de:	3f 4f       	sbci	r19, 0xFF	; 255
     2e0:	f9 01       	movw	r30, r18
     2e2:	91 83       	std	Z+1, r25	; 0x01
     2e4:	80 83       	st	Z, r24

000002e6 <.Loc.13>:
	...

000002e8 <.LBE44>:
		{
			// wait 1/10 ms
			_delay_loop_2(((F_CPU) / 4e3) / 10);
			__ticks --;
     2e8:	ce 01       	movw	r24, r28
     2ea:	8f 5b       	subi	r24, 0xBF	; 191
     2ec:	9f 4f       	sbci	r25, 0xFF	; 255
     2ee:	9e 01       	movw	r18, r28
     2f0:	2f 5b       	subi	r18, 0xBF	; 191
     2f2:	3f 4f       	sbci	r19, 0xFF	; 255
     2f4:	f9 01       	movw	r30, r18
     2f6:	20 81       	ld	r18, Z
     2f8:	31 81       	ldd	r19, Z+1	; 0x01
     2fa:	21 50       	subi	r18, 0x01	; 1
     2fc:	31 09       	sbc	r19, r1
     2fe:	fc 01       	movw	r30, r24
     300:	31 83       	std	Z+1, r19	; 0x01
     302:	20 83       	st	Z, r18

00000304 <.L7>:
		while(__ticks)
     304:	ce 01       	movw	r24, r28
     306:	8f 5b       	subi	r24, 0xBF	; 191
     308:	9f 4f       	sbci	r25, 0xFF	; 255
     30a:	fc 01       	movw	r30, r24
     30c:	80 81       	ld	r24, Z
     30e:	91 81       	ldd	r25, Z+1	; 0x01
     310:	00 97       	sbiw	r24, 0x00	; 0
     312:	99 f6       	brne	.-90     	; 0x2ba <.L8>

00000314 <.Loc.16>:
		}
		return;
     314:	2c c0       	rjmp	.+88     	; 0x36e <.L9>

00000316 <.L53>:
	}
	else
		__ticks = (uint16_t)__tmp;
     316:	8e 01       	movw	r16, r28
     318:	0f 5b       	subi	r16, 0xBF	; 191
     31a:	1f 4f       	sbci	r17, 0xFF	; 255
     31c:	ce 01       	movw	r24, r28
     31e:	cd 96       	adiw	r24, 0x3d	; 61
     320:	fc 01       	movw	r30, r24
     322:	60 81       	ld	r22, Z
     324:	71 81       	ldd	r23, Z+1	; 0x01
     326:	82 81       	ldd	r24, Z+2	; 0x02
     328:	93 81       	ldd	r25, Z+3	; 0x03
     32a:	0e 94 dd 14 	call	0x29ba	; 0x29ba <__fixunssfsi>
     32e:	dc 01       	movw	r26, r24
     330:	cb 01       	movw	r24, r22
     332:	f8 01       	movw	r30, r16
     334:	91 83       	std	Z+1, r25	; 0x01
     336:	80 83       	st	Z, r24

00000338 <.L4>:
     338:	ce 01       	movw	r24, r28
     33a:	8b 5b       	subi	r24, 0xBB	; 187
     33c:	9f 4f       	sbci	r25, 0xFF	; 255
     33e:	9e 01       	movw	r18, r28
     340:	2f 5b       	subi	r18, 0xBF	; 191
     342:	3f 4f       	sbci	r19, 0xFF	; 255
     344:	f9 01       	movw	r30, r18
     346:	20 81       	ld	r18, Z
     348:	31 81       	ldd	r19, Z+1	; 0x01
     34a:	fc 01       	movw	r30, r24
     34c:	31 83       	std	Z+1, r19	; 0x01
     34e:	20 83       	st	Z, r18

00000350 <.LBB46>:
     350:	ce 01       	movw	r24, r28
     352:	8b 5b       	subi	r24, 0xBB	; 187
     354:	9f 4f       	sbci	r25, 0xFF	; 255
     356:	fc 01       	movw	r30, r24
     358:	80 81       	ld	r24, Z
     35a:	91 81       	ldd	r25, Z+1	; 0x01

0000035c <.L1^B2>:
     35c:	01 97       	sbiw	r24, 0x01	; 1
     35e:	f1 f7       	brne	.-4      	; 0x35c <.L1^B2>
     360:	9e 01       	movw	r18, r28
     362:	2b 5b       	subi	r18, 0xBB	; 187
     364:	3f 4f       	sbci	r19, 0xFF	; 255
     366:	f9 01       	movw	r30, r18
     368:	91 83       	std	Z+1, r25	; 0x01
     36a:	80 83       	st	Z, r24

0000036c <.Loc.19>:
	...

0000036e <.L9>:
        // wait for 35msec 
        _delay_ms(35);
        // Function Set 
        // 0 0 1 DL N F x x
        // 0 0 1 1
        LCD_SendCommand(Lcd_FunctionSet);
     36e:	80 e3       	ldi	r24, 0x30	; 48
     370:	0e 94 a0 03 	call	0x740	; 0x740 <LCD_SendCommand>
     374:	80 e0       	ldi	r24, 0x00	; 0
     376:	90 e0       	ldi	r25, 0x00	; 0
     378:	a0 e8       	ldi	r26, 0x80	; 128
     37a:	bf e3       	ldi	r27, 0x3F	; 63
     37c:	8b a7       	std	Y+43, r24	; 0x2b
     37e:	9c a7       	std	Y+44, r25	; 0x2c
     380:	ad a7       	std	Y+45, r26	; 0x2d
     382:	be a7       	std	Y+46, r27	; 0x2e

00000384 <.LBB48>:
	__tmp = ((F_CPU) / 4e3) * __ms;
     384:	20 e0       	ldi	r18, 0x00	; 0
     386:	30 e0       	ldi	r19, 0x00	; 0
     388:	4a e7       	ldi	r20, 0x7A	; 122
     38a:	55 e4       	ldi	r21, 0x45	; 69
     38c:	6b a5       	ldd	r22, Y+43	; 0x2b
     38e:	7c a5       	ldd	r23, Y+44	; 0x2c
     390:	8d a5       	ldd	r24, Y+45	; 0x2d
     392:	9e a5       	ldd	r25, Y+46	; 0x2e
     394:	0e 94 5e 15 	call	0x2abc	; 0x2abc <__mulsf3>
     398:	dc 01       	movw	r26, r24
     39a:	cb 01       	movw	r24, r22
     39c:	8f a7       	std	Y+47, r24	; 0x2f
     39e:	98 ab       	std	Y+48, r25	; 0x30
     3a0:	a9 ab       	std	Y+49, r26	; 0x31
     3a2:	ba ab       	std	Y+50, r27	; 0x32

000003a4 <.Loc.22>:
	if (__tmp < 1.0)
     3a4:	20 e0       	ldi	r18, 0x00	; 0
     3a6:	30 e0       	ldi	r19, 0x00	; 0
     3a8:	40 e8       	ldi	r20, 0x80	; 128
     3aa:	5f e3       	ldi	r21, 0x3F	; 63
     3ac:	6f a5       	ldd	r22, Y+47	; 0x2f
     3ae:	78 a9       	ldd	r23, Y+48	; 0x30
     3b0:	89 a9       	ldd	r24, Y+49	; 0x31
     3b2:	9a a9       	ldd	r25, Y+50	; 0x32
     3b4:	0e 94 d8 14 	call	0x29b0	; 0x29b0 <__cmpsf2>
     3b8:	81 15       	cp	r24, r1
     3ba:	2c f4       	brge	.+10     	; 0x3c6 <.L54>

000003bc <.Loc.23>:
		__ticks = 1;
     3bc:	81 e0       	ldi	r24, 0x01	; 1
     3be:	90 e0       	ldi	r25, 0x00	; 0
     3c0:	9c ab       	std	Y+52, r25	; 0x34
     3c2:	8b ab       	std	Y+51, r24	; 0x33
     3c4:	40 c0       	rjmp	.+128    	; 0x446 <.L12>

000003c6 <.L54>:
	else if (__tmp > 65535)
     3c6:	20 e0       	ldi	r18, 0x00	; 0
     3c8:	3f ef       	ldi	r19, 0xFF	; 255
     3ca:	4f e7       	ldi	r20, 0x7F	; 127
     3cc:	57 e4       	ldi	r21, 0x47	; 71
     3ce:	6f a5       	ldd	r22, Y+47	; 0x2f
     3d0:	78 a9       	ldd	r23, Y+48	; 0x30
     3d2:	89 a9       	ldd	r24, Y+49	; 0x31
     3d4:	9a a9       	ldd	r25, Y+50	; 0x32
     3d6:	0e 94 59 15 	call	0x2ab2	; 0x2ab2 <__gesf2>
     3da:	81 30       	cpi	r24, 0x01	; 1
     3dc:	54 f1       	brlt	.+84     	; 0x432 <.L55>

000003de <.Loc.25>:
		__ticks = (uint16_t) (__ms * 10.0);
     3de:	20 e0       	ldi	r18, 0x00	; 0
     3e0:	30 e0       	ldi	r19, 0x00	; 0
     3e2:	40 e2       	ldi	r20, 0x20	; 32
     3e4:	51 e4       	ldi	r21, 0x41	; 65
     3e6:	6b a5       	ldd	r22, Y+43	; 0x2b
     3e8:	7c a5       	ldd	r23, Y+44	; 0x2c
     3ea:	8d a5       	ldd	r24, Y+45	; 0x2d
     3ec:	9e a5       	ldd	r25, Y+46	; 0x2e
     3ee:	0e 94 5e 15 	call	0x2abc	; 0x2abc <__mulsf3>
     3f2:	dc 01       	movw	r26, r24
     3f4:	cb 01       	movw	r24, r22

000003f6 <.Loc.26>:
     3f6:	bc 01       	movw	r22, r24
     3f8:	cd 01       	movw	r24, r26
     3fa:	0e 94 dd 14 	call	0x29ba	; 0x29ba <__fixunssfsi>
     3fe:	dc 01       	movw	r26, r24
     400:	cb 01       	movw	r24, r22
     402:	9c ab       	std	Y+52, r25	; 0x34
     404:	8b ab       	std	Y+51, r24	; 0x33

00000406 <.Loc.27>:
		while(__ticks)
     406:	10 c0       	rjmp	.+32     	; 0x428 <.L15>

00000408 <.L16>:
     408:	80 e9       	ldi	r24, 0x90	; 144
     40a:	91 e0       	ldi	r25, 0x01	; 1
     40c:	9e ab       	std	Y+54, r25	; 0x36
     40e:	8d ab       	std	Y+53, r24	; 0x35

00000410 <.LBB50>:
     410:	8d a9       	ldd	r24, Y+53	; 0x35
     412:	9e a9       	ldd	r25, Y+54	; 0x36

00000414 <.L1^B3>:
     414:	01 97       	sbiw	r24, 0x01	; 1
     416:	f1 f7       	brne	.-4      	; 0x414 <.L1^B3>
     418:	9e ab       	std	Y+54, r25	; 0x36
     41a:	8d ab       	std	Y+53, r24	; 0x35

0000041c <.Loc.29>:
	...

0000041e <.LBE50>:
			__ticks --;
     41e:	8b a9       	ldd	r24, Y+51	; 0x33
     420:	9c a9       	ldd	r25, Y+52	; 0x34
     422:	01 97       	sbiw	r24, 0x01	; 1
     424:	9c ab       	std	Y+52, r25	; 0x34
     426:	8b ab       	std	Y+51, r24	; 0x33

00000428 <.L15>:
		while(__ticks)
     428:	8b a9       	ldd	r24, Y+51	; 0x33
     42a:	9c a9       	ldd	r25, Y+52	; 0x34
     42c:	00 97       	sbiw	r24, 0x00	; 0
     42e:	61 f7       	brne	.-40     	; 0x408 <.L16>

00000430 <.Loc.32>:
		return;
     430:	15 c0       	rjmp	.+42     	; 0x45c <.L17>

00000432 <.L55>:
		__ticks = (uint16_t)__tmp;
     432:	6f a5       	ldd	r22, Y+47	; 0x2f
     434:	78 a9       	ldd	r23, Y+48	; 0x30
     436:	89 a9       	ldd	r24, Y+49	; 0x31
     438:	9a a9       	ldd	r25, Y+50	; 0x32
     43a:	0e 94 dd 14 	call	0x29ba	; 0x29ba <__fixunssfsi>
     43e:	dc 01       	movw	r26, r24
     440:	cb 01       	movw	r24, r22
     442:	9c ab       	std	Y+52, r25	; 0x34
     444:	8b ab       	std	Y+51, r24	; 0x33

00000446 <.L12>:
     446:	8b a9       	ldd	r24, Y+51	; 0x33
     448:	9c a9       	ldd	r25, Y+52	; 0x34
     44a:	98 af       	std	Y+56, r25	; 0x38
     44c:	8f ab       	std	Y+55, r24	; 0x37

0000044e <.LBB52>:
     44e:	8f a9       	ldd	r24, Y+55	; 0x37
     450:	98 ad       	ldd	r25, Y+56	; 0x38

00000452 <.L1^B4>:
     452:	01 97       	sbiw	r24, 0x01	; 1
     454:	f1 f7       	brne	.-4      	; 0x452 <.L1^B4>
     456:	98 af       	std	Y+56, r25	; 0x38
     458:	8f ab       	std	Y+55, r24	; 0x37

0000045a <.Loc.35>:
	...

0000045c <.L17>:
        // wait 1msec
        _delay_ms(1);
        // DisplayOnOFF
        LCD_SendCommand(Lcd_DisplayOnOFF);
     45c:	8f e0       	ldi	r24, 0x0F	; 15
     45e:	0e 94 a0 03 	call	0x740	; 0x740 <LCD_SendCommand>
     462:	80 e0       	ldi	r24, 0x00	; 0
     464:	90 e0       	ldi	r25, 0x00	; 0
     466:	a0 e8       	ldi	r26, 0x80	; 128
     468:	bf e3       	ldi	r27, 0x3F	; 63
     46a:	8d 8f       	std	Y+29, r24	; 0x1d
     46c:	9e 8f       	std	Y+30, r25	; 0x1e
     46e:	af 8f       	std	Y+31, r26	; 0x1f
     470:	b8 a3       	std	Y+32, r27	; 0x20

00000472 <.LBB54>:
	__tmp = ((F_CPU) / 4e3) * __ms;
     472:	20 e0       	ldi	r18, 0x00	; 0
     474:	30 e0       	ldi	r19, 0x00	; 0
     476:	4a e7       	ldi	r20, 0x7A	; 122
     478:	55 e4       	ldi	r21, 0x45	; 69
     47a:	6d 8d       	ldd	r22, Y+29	; 0x1d
     47c:	7e 8d       	ldd	r23, Y+30	; 0x1e
     47e:	8f 8d       	ldd	r24, Y+31	; 0x1f
     480:	98 a1       	ldd	r25, Y+32	; 0x20
     482:	0e 94 5e 15 	call	0x2abc	; 0x2abc <__mulsf3>
     486:	dc 01       	movw	r26, r24
     488:	cb 01       	movw	r24, r22
     48a:	89 a3       	std	Y+33, r24	; 0x21
     48c:	9a a3       	std	Y+34, r25	; 0x22
     48e:	ab a3       	std	Y+35, r26	; 0x23
     490:	bc a3       	std	Y+36, r27	; 0x24

00000492 <.Loc.38>:
	if (__tmp < 1.0)
     492:	20 e0       	ldi	r18, 0x00	; 0
     494:	30 e0       	ldi	r19, 0x00	; 0
     496:	40 e8       	ldi	r20, 0x80	; 128
     498:	5f e3       	ldi	r21, 0x3F	; 63
     49a:	69 a1       	ldd	r22, Y+33	; 0x21
     49c:	7a a1       	ldd	r23, Y+34	; 0x22
     49e:	8b a1       	ldd	r24, Y+35	; 0x23
     4a0:	9c a1       	ldd	r25, Y+36	; 0x24
     4a2:	0e 94 d8 14 	call	0x29b0	; 0x29b0 <__cmpsf2>
     4a6:	81 15       	cp	r24, r1
     4a8:	2c f4       	brge	.+10     	; 0x4b4 <.L56>

000004aa <.Loc.39>:
		__ticks = 1;
     4aa:	81 e0       	ldi	r24, 0x01	; 1
     4ac:	90 e0       	ldi	r25, 0x00	; 0
     4ae:	9e a3       	std	Y+38, r25	; 0x26
     4b0:	8d a3       	std	Y+37, r24	; 0x25
     4b2:	40 c0       	rjmp	.+128    	; 0x534 <.L20>

000004b4 <.L56>:
	else if (__tmp > 65535)
     4b4:	20 e0       	ldi	r18, 0x00	; 0
     4b6:	3f ef       	ldi	r19, 0xFF	; 255
     4b8:	4f e7       	ldi	r20, 0x7F	; 127
     4ba:	57 e4       	ldi	r21, 0x47	; 71
     4bc:	69 a1       	ldd	r22, Y+33	; 0x21
     4be:	7a a1       	ldd	r23, Y+34	; 0x22
     4c0:	8b a1       	ldd	r24, Y+35	; 0x23
     4c2:	9c a1       	ldd	r25, Y+36	; 0x24
     4c4:	0e 94 59 15 	call	0x2ab2	; 0x2ab2 <__gesf2>
     4c8:	81 30       	cpi	r24, 0x01	; 1
     4ca:	54 f1       	brlt	.+84     	; 0x520 <.L57>

000004cc <.Loc.41>:
		__ticks = (uint16_t) (__ms * 10.0);
     4cc:	20 e0       	ldi	r18, 0x00	; 0
     4ce:	30 e0       	ldi	r19, 0x00	; 0
     4d0:	40 e2       	ldi	r20, 0x20	; 32
     4d2:	51 e4       	ldi	r21, 0x41	; 65
     4d4:	6d 8d       	ldd	r22, Y+29	; 0x1d
     4d6:	7e 8d       	ldd	r23, Y+30	; 0x1e
     4d8:	8f 8d       	ldd	r24, Y+31	; 0x1f
     4da:	98 a1       	ldd	r25, Y+32	; 0x20
     4dc:	0e 94 5e 15 	call	0x2abc	; 0x2abc <__mulsf3>
     4e0:	dc 01       	movw	r26, r24
     4e2:	cb 01       	movw	r24, r22

000004e4 <.Loc.42>:
     4e4:	bc 01       	movw	r22, r24
     4e6:	cd 01       	movw	r24, r26
     4e8:	0e 94 dd 14 	call	0x29ba	; 0x29ba <__fixunssfsi>
     4ec:	dc 01       	movw	r26, r24
     4ee:	cb 01       	movw	r24, r22
     4f0:	9e a3       	std	Y+38, r25	; 0x26
     4f2:	8d a3       	std	Y+37, r24	; 0x25

000004f4 <.Loc.43>:
		while(__ticks)
     4f4:	10 c0       	rjmp	.+32     	; 0x516 <.L23>

000004f6 <.L24>:
     4f6:	80 e9       	ldi	r24, 0x90	; 144
     4f8:	91 e0       	ldi	r25, 0x01	; 1
     4fa:	98 a7       	std	Y+40, r25	; 0x28
     4fc:	8f a3       	std	Y+39, r24	; 0x27

000004fe <.LBB56>:
     4fe:	8f a1       	ldd	r24, Y+39	; 0x27
     500:	98 a5       	ldd	r25, Y+40	; 0x28

00000502 <.L1^B5>:
     502:	01 97       	sbiw	r24, 0x01	; 1
     504:	f1 f7       	brne	.-4      	; 0x502 <.L1^B5>
     506:	98 a7       	std	Y+40, r25	; 0x28
     508:	8f a3       	std	Y+39, r24	; 0x27

0000050a <.Loc.45>:
	...

0000050c <.LBE56>:
			__ticks --;
     50c:	8d a1       	ldd	r24, Y+37	; 0x25
     50e:	9e a1       	ldd	r25, Y+38	; 0x26
     510:	01 97       	sbiw	r24, 0x01	; 1
     512:	9e a3       	std	Y+38, r25	; 0x26
     514:	8d a3       	std	Y+37, r24	; 0x25

00000516 <.L23>:
		while(__ticks)
     516:	8d a1       	ldd	r24, Y+37	; 0x25
     518:	9e a1       	ldd	r25, Y+38	; 0x26
     51a:	00 97       	sbiw	r24, 0x00	; 0
     51c:	61 f7       	brne	.-40     	; 0x4f6 <.L24>

0000051e <.Loc.48>:
		return;
     51e:	15 c0       	rjmp	.+42     	; 0x54a <.L25>

00000520 <.L57>:
		__ticks = (uint16_t)__tmp;
     520:	69 a1       	ldd	r22, Y+33	; 0x21
     522:	7a a1       	ldd	r23, Y+34	; 0x22
     524:	8b a1       	ldd	r24, Y+35	; 0x23
     526:	9c a1       	ldd	r25, Y+36	; 0x24
     528:	0e 94 dd 14 	call	0x29ba	; 0x29ba <__fixunssfsi>
     52c:	dc 01       	movw	r26, r24
     52e:	cb 01       	movw	r24, r22
     530:	9e a3       	std	Y+38, r25	; 0x26
     532:	8d a3       	std	Y+37, r24	; 0x25

00000534 <.L20>:
     534:	8d a1       	ldd	r24, Y+37	; 0x25
     536:	9e a1       	ldd	r25, Y+38	; 0x26
     538:	9a a7       	std	Y+42, r25	; 0x2a
     53a:	89 a7       	std	Y+41, r24	; 0x29

0000053c <.LBB58>:
     53c:	89 a5       	ldd	r24, Y+41	; 0x29
     53e:	9a a5       	ldd	r25, Y+42	; 0x2a

00000540 <.L1^B6>:
     540:	01 97       	sbiw	r24, 0x01	; 1
     542:	f1 f7       	brne	.-4      	; 0x540 <.L1^B6>
     544:	9a a7       	std	Y+42, r25	; 0x2a
     546:	89 a7       	std	Y+41, r24	; 0x29

00000548 <.Loc.51>:
	...

0000054a <.L25>:
        // wait 1msec
        _delay_ms(1);
        // Clear
        LCD_SendCommand(Lcd_ClearScreen);
     54a:	81 e0       	ldi	r24, 0x01	; 1
     54c:	0e 94 a0 03 	call	0x740	; 0x740 <LCD_SendCommand>
     550:	80 e0       	ldi	r24, 0x00	; 0
     552:	90 e0       	ldi	r25, 0x00	; 0
     554:	a0 e0       	ldi	r26, 0x00	; 0
     556:	b0 e4       	ldi	r27, 0x40	; 64
     558:	8f 87       	std	Y+15, r24	; 0x0f
     55a:	98 8b       	std	Y+16, r25	; 0x10
     55c:	a9 8b       	std	Y+17, r26	; 0x11
     55e:	ba 8b       	std	Y+18, r27	; 0x12

00000560 <.LBB60>:
	__tmp = ((F_CPU) / 4e3) * __ms;
     560:	20 e0       	ldi	r18, 0x00	; 0
     562:	30 e0       	ldi	r19, 0x00	; 0
     564:	4a e7       	ldi	r20, 0x7A	; 122
     566:	55 e4       	ldi	r21, 0x45	; 69
     568:	6f 85       	ldd	r22, Y+15	; 0x0f
     56a:	78 89       	ldd	r23, Y+16	; 0x10
     56c:	89 89       	ldd	r24, Y+17	; 0x11
     56e:	9a 89       	ldd	r25, Y+18	; 0x12
     570:	0e 94 5e 15 	call	0x2abc	; 0x2abc <__mulsf3>
     574:	dc 01       	movw	r26, r24
     576:	cb 01       	movw	r24, r22
     578:	8b 8b       	std	Y+19, r24	; 0x13
     57a:	9c 8b       	std	Y+20, r25	; 0x14
     57c:	ad 8b       	std	Y+21, r26	; 0x15
     57e:	be 8b       	std	Y+22, r27	; 0x16

00000580 <.Loc.54>:
	if (__tmp < 1.0)
     580:	20 e0       	ldi	r18, 0x00	; 0
     582:	30 e0       	ldi	r19, 0x00	; 0
     584:	40 e8       	ldi	r20, 0x80	; 128
     586:	5f e3       	ldi	r21, 0x3F	; 63
     588:	6b 89       	ldd	r22, Y+19	; 0x13
     58a:	7c 89       	ldd	r23, Y+20	; 0x14
     58c:	8d 89       	ldd	r24, Y+21	; 0x15
     58e:	9e 89       	ldd	r25, Y+22	; 0x16
     590:	0e 94 d8 14 	call	0x29b0	; 0x29b0 <__cmpsf2>
     594:	81 15       	cp	r24, r1
     596:	2c f4       	brge	.+10     	; 0x5a2 <.L58>

00000598 <.Loc.55>:
		__ticks = 1;
     598:	81 e0       	ldi	r24, 0x01	; 1
     59a:	90 e0       	ldi	r25, 0x00	; 0
     59c:	98 8f       	std	Y+24, r25	; 0x18
     59e:	8f 8b       	std	Y+23, r24	; 0x17
     5a0:	40 c0       	rjmp	.+128    	; 0x622 <.L28>

000005a2 <.L58>:
	else if (__tmp > 65535)
     5a2:	20 e0       	ldi	r18, 0x00	; 0
     5a4:	3f ef       	ldi	r19, 0xFF	; 255
     5a6:	4f e7       	ldi	r20, 0x7F	; 127
     5a8:	57 e4       	ldi	r21, 0x47	; 71
     5aa:	6b 89       	ldd	r22, Y+19	; 0x13
     5ac:	7c 89       	ldd	r23, Y+20	; 0x14
     5ae:	8d 89       	ldd	r24, Y+21	; 0x15
     5b0:	9e 89       	ldd	r25, Y+22	; 0x16
     5b2:	0e 94 59 15 	call	0x2ab2	; 0x2ab2 <__gesf2>
     5b6:	81 30       	cpi	r24, 0x01	; 1
     5b8:	54 f1       	brlt	.+84     	; 0x60e <.L59>

000005ba <.Loc.57>:
		__ticks = (uint16_t) (__ms * 10.0);
     5ba:	20 e0       	ldi	r18, 0x00	; 0
     5bc:	30 e0       	ldi	r19, 0x00	; 0
     5be:	40 e2       	ldi	r20, 0x20	; 32
     5c0:	51 e4       	ldi	r21, 0x41	; 65
     5c2:	6f 85       	ldd	r22, Y+15	; 0x0f
     5c4:	78 89       	ldd	r23, Y+16	; 0x10
     5c6:	89 89       	ldd	r24, Y+17	; 0x11
     5c8:	9a 89       	ldd	r25, Y+18	; 0x12
     5ca:	0e 94 5e 15 	call	0x2abc	; 0x2abc <__mulsf3>
     5ce:	dc 01       	movw	r26, r24
     5d0:	cb 01       	movw	r24, r22

000005d2 <.Loc.58>:
     5d2:	bc 01       	movw	r22, r24
     5d4:	cd 01       	movw	r24, r26
     5d6:	0e 94 dd 14 	call	0x29ba	; 0x29ba <__fixunssfsi>
     5da:	dc 01       	movw	r26, r24
     5dc:	cb 01       	movw	r24, r22
     5de:	98 8f       	std	Y+24, r25	; 0x18
     5e0:	8f 8b       	std	Y+23, r24	; 0x17

000005e2 <.Loc.59>:
		while(__ticks)
     5e2:	10 c0       	rjmp	.+32     	; 0x604 <.L31>

000005e4 <.L32>:
     5e4:	80 e9       	ldi	r24, 0x90	; 144
     5e6:	91 e0       	ldi	r25, 0x01	; 1
     5e8:	9a 8f       	std	Y+26, r25	; 0x1a
     5ea:	89 8f       	std	Y+25, r24	; 0x19

000005ec <.LBB62>:
     5ec:	89 8d       	ldd	r24, Y+25	; 0x19
     5ee:	9a 8d       	ldd	r25, Y+26	; 0x1a

000005f0 <.L1^B7>:
     5f0:	01 97       	sbiw	r24, 0x01	; 1
     5f2:	f1 f7       	brne	.-4      	; 0x5f0 <.L1^B7>
     5f4:	9a 8f       	std	Y+26, r25	; 0x1a
     5f6:	89 8f       	std	Y+25, r24	; 0x19

000005f8 <.Loc.61>:
	...

000005fa <.LBE62>:
			__ticks --;
     5fa:	8f 89       	ldd	r24, Y+23	; 0x17
     5fc:	98 8d       	ldd	r25, Y+24	; 0x18
     5fe:	01 97       	sbiw	r24, 0x01	; 1
     600:	98 8f       	std	Y+24, r25	; 0x18
     602:	8f 8b       	std	Y+23, r24	; 0x17

00000604 <.L31>:
		while(__ticks)
     604:	8f 89       	ldd	r24, Y+23	; 0x17
     606:	98 8d       	ldd	r25, Y+24	; 0x18
     608:	00 97       	sbiw	r24, 0x00	; 0
     60a:	61 f7       	brne	.-40     	; 0x5e4 <.L32>

0000060c <.Loc.64>:
		return;
     60c:	15 c0       	rjmp	.+42     	; 0x638 <.L33>

0000060e <.L59>:
		__ticks = (uint16_t)__tmp;
     60e:	6b 89       	ldd	r22, Y+19	; 0x13
     610:	7c 89       	ldd	r23, Y+20	; 0x14
     612:	8d 89       	ldd	r24, Y+21	; 0x15
     614:	9e 89       	ldd	r25, Y+22	; 0x16
     616:	0e 94 dd 14 	call	0x29ba	; 0x29ba <__fixunssfsi>
     61a:	dc 01       	movw	r26, r24
     61c:	cb 01       	movw	r24, r22
     61e:	98 8f       	std	Y+24, r25	; 0x18
     620:	8f 8b       	std	Y+23, r24	; 0x17

00000622 <.L28>:
     622:	8f 89       	ldd	r24, Y+23	; 0x17
     624:	98 8d       	ldd	r25, Y+24	; 0x18
     626:	9c 8f       	std	Y+28, r25	; 0x1c
     628:	8b 8f       	std	Y+27, r24	; 0x1b

0000062a <.LBB64>:
     62a:	8b 8d       	ldd	r24, Y+27	; 0x1b
     62c:	9c 8d       	ldd	r25, Y+28	; 0x1c

0000062e <.L1^B8>:
     62e:	01 97       	sbiw	r24, 0x01	; 1
     630:	f1 f7       	brne	.-4      	; 0x62e <.L1^B8>
     632:	9c 8f       	std	Y+28, r25	; 0x1c
     634:	8b 8f       	std	Y+27, r24	; 0x1b

00000636 <.Loc.67>:
	...

00000638 <.L33>:
        // wait 2msec
        _delay_ms(2);
        //EntryMode
        LCD_SendCommand(Lcd_EntryMode);
     638:	86 e0       	ldi	r24, 0x06	; 6
     63a:	0e 94 a0 03 	call	0x740	; 0x740 <LCD_SendCommand>
     63e:	80 e0       	ldi	r24, 0x00	; 0
     640:	90 e0       	ldi	r25, 0x00	; 0
     642:	a0 e8       	ldi	r26, 0x80	; 128
     644:	bf e3       	ldi	r27, 0x3F	; 63
     646:	89 83       	std	Y+1, r24	; 0x01
     648:	9a 83       	std	Y+2, r25	; 0x02
     64a:	ab 83       	std	Y+3, r26	; 0x03
     64c:	bc 83       	std	Y+4, r27	; 0x04

0000064e <.LBB66>:
	__tmp = ((F_CPU) / 4e3) * __ms;
     64e:	20 e0       	ldi	r18, 0x00	; 0
     650:	30 e0       	ldi	r19, 0x00	; 0
     652:	4a e7       	ldi	r20, 0x7A	; 122
     654:	55 e4       	ldi	r21, 0x45	; 69
     656:	69 81       	ldd	r22, Y+1	; 0x01
     658:	7a 81       	ldd	r23, Y+2	; 0x02
     65a:	8b 81       	ldd	r24, Y+3	; 0x03
     65c:	9c 81       	ldd	r25, Y+4	; 0x04
     65e:	0e 94 5e 15 	call	0x2abc	; 0x2abc <__mulsf3>
     662:	dc 01       	movw	r26, r24
     664:	cb 01       	movw	r24, r22
     666:	8d 83       	std	Y+5, r24	; 0x05
     668:	9e 83       	std	Y+6, r25	; 0x06
     66a:	af 83       	std	Y+7, r26	; 0x07
     66c:	b8 87       	std	Y+8, r27	; 0x08

0000066e <.Loc.70>:
	if (__tmp < 1.0)
     66e:	20 e0       	ldi	r18, 0x00	; 0
     670:	30 e0       	ldi	r19, 0x00	; 0
     672:	40 e8       	ldi	r20, 0x80	; 128
     674:	5f e3       	ldi	r21, 0x3F	; 63
     676:	6d 81       	ldd	r22, Y+5	; 0x05
     678:	7e 81       	ldd	r23, Y+6	; 0x06
     67a:	8f 81       	ldd	r24, Y+7	; 0x07
     67c:	98 85       	ldd	r25, Y+8	; 0x08
     67e:	0e 94 d8 14 	call	0x29b0	; 0x29b0 <__cmpsf2>
     682:	81 15       	cp	r24, r1
     684:	2c f4       	brge	.+10     	; 0x690 <.L60>

00000686 <.Loc.71>:
		__ticks = 1;
     686:	81 e0       	ldi	r24, 0x01	; 1
     688:	90 e0       	ldi	r25, 0x00	; 0
     68a:	9a 87       	std	Y+10, r25	; 0x0a
     68c:	89 87       	std	Y+9, r24	; 0x09
     68e:	40 c0       	rjmp	.+128    	; 0x710 <.L36>

00000690 <.L60>:
	else if (__tmp > 65535)
     690:	20 e0       	ldi	r18, 0x00	; 0
     692:	3f ef       	ldi	r19, 0xFF	; 255
     694:	4f e7       	ldi	r20, 0x7F	; 127
     696:	57 e4       	ldi	r21, 0x47	; 71
     698:	6d 81       	ldd	r22, Y+5	; 0x05
     69a:	7e 81       	ldd	r23, Y+6	; 0x06
     69c:	8f 81       	ldd	r24, Y+7	; 0x07
     69e:	98 85       	ldd	r25, Y+8	; 0x08
     6a0:	0e 94 59 15 	call	0x2ab2	; 0x2ab2 <__gesf2>
     6a4:	81 30       	cpi	r24, 0x01	; 1
     6a6:	54 f1       	brlt	.+84     	; 0x6fc <.L61>

000006a8 <.Loc.73>:
		__ticks = (uint16_t) (__ms * 10.0);
     6a8:	20 e0       	ldi	r18, 0x00	; 0
     6aa:	30 e0       	ldi	r19, 0x00	; 0
     6ac:	40 e2       	ldi	r20, 0x20	; 32
     6ae:	51 e4       	ldi	r21, 0x41	; 65
     6b0:	69 81       	ldd	r22, Y+1	; 0x01
     6b2:	7a 81       	ldd	r23, Y+2	; 0x02
     6b4:	8b 81       	ldd	r24, Y+3	; 0x03
     6b6:	9c 81       	ldd	r25, Y+4	; 0x04
     6b8:	0e 94 5e 15 	call	0x2abc	; 0x2abc <__mulsf3>
     6bc:	dc 01       	movw	r26, r24
     6be:	cb 01       	movw	r24, r22

000006c0 <.Loc.74>:
     6c0:	bc 01       	movw	r22, r24
     6c2:	cd 01       	movw	r24, r26
     6c4:	0e 94 dd 14 	call	0x29ba	; 0x29ba <__fixunssfsi>
     6c8:	dc 01       	movw	r26, r24
     6ca:	cb 01       	movw	r24, r22
     6cc:	9a 87       	std	Y+10, r25	; 0x0a
     6ce:	89 87       	std	Y+9, r24	; 0x09

000006d0 <.Loc.75>:
		while(__ticks)
     6d0:	10 c0       	rjmp	.+32     	; 0x6f2 <.L39>

000006d2 <.L40>:
     6d2:	80 e9       	ldi	r24, 0x90	; 144
     6d4:	91 e0       	ldi	r25, 0x01	; 1
     6d6:	9c 87       	std	Y+12, r25	; 0x0c
     6d8:	8b 87       	std	Y+11, r24	; 0x0b

000006da <.LBB68>:
     6da:	8b 85       	ldd	r24, Y+11	; 0x0b
     6dc:	9c 85       	ldd	r25, Y+12	; 0x0c

000006de <.L1^B9>:
     6de:	01 97       	sbiw	r24, 0x01	; 1
     6e0:	f1 f7       	brne	.-4      	; 0x6de <.L1^B9>
     6e2:	9c 87       	std	Y+12, r25	; 0x0c
     6e4:	8b 87       	std	Y+11, r24	; 0x0b

000006e6 <.Loc.77>:
	...

000006e8 <.LBE68>:
			__ticks --;
     6e8:	89 85       	ldd	r24, Y+9	; 0x09
     6ea:	9a 85       	ldd	r25, Y+10	; 0x0a
     6ec:	01 97       	sbiw	r24, 0x01	; 1
     6ee:	9a 87       	std	Y+10, r25	; 0x0a
     6f0:	89 87       	std	Y+9, r24	; 0x09

000006f2 <.L39>:
		while(__ticks)
     6f2:	89 85       	ldd	r24, Y+9	; 0x09
     6f4:	9a 85       	ldd	r25, Y+10	; 0x0a
     6f6:	00 97       	sbiw	r24, 0x00	; 0
     6f8:	61 f7       	brne	.-40     	; 0x6d2 <.L40>

000006fa <.Loc.80>:
		return;
     6fa:	15 c0       	rjmp	.+42     	; 0x726 <.L41>

000006fc <.L61>:
		__ticks = (uint16_t)__tmp;
     6fc:	6d 81       	ldd	r22, Y+5	; 0x05
     6fe:	7e 81       	ldd	r23, Y+6	; 0x06
     700:	8f 81       	ldd	r24, Y+7	; 0x07
     702:	98 85       	ldd	r25, Y+8	; 0x08
     704:	0e 94 dd 14 	call	0x29ba	; 0x29ba <__fixunssfsi>
     708:	dc 01       	movw	r26, r24
     70a:	cb 01       	movw	r24, r22
     70c:	9a 87       	std	Y+10, r25	; 0x0a
     70e:	89 87       	std	Y+9, r24	; 0x09

00000710 <.L36>:
     710:	89 85       	ldd	r24, Y+9	; 0x09
     712:	9a 85       	ldd	r25, Y+10	; 0x0a
     714:	9e 87       	std	Y+14, r25	; 0x0e
     716:	8d 87       	std	Y+13, r24	; 0x0d

00000718 <.LBB70>:
     718:	8d 85       	ldd	r24, Y+13	; 0x0d
     71a:	9e 85       	ldd	r25, Y+14	; 0x0e

0000071c <.L1^B10>:
     71c:	01 97       	sbiw	r24, 0x01	; 1
     71e:	f1 f7       	brne	.-4      	; 0x71c <.L1^B10>
     720:	9e 87       	std	Y+14, r25	; 0x0e
     722:	8d 87       	std	Y+13, r24	; 0x0d

00000724 <.Loc.83>:
	...

00000726 <.L41>:
        _delay_ms(1);
    #elif LCD_TypeMode==Lcd_4bitMode
        /4BitModeInit
    #endif /* LCD_TypeMode*/
    
}
     726:	00 00       	nop
     728:	ca 5b       	subi	r28, 0xBA	; 186
     72a:	df 4f       	sbci	r29, 0xFF	; 255
     72c:	0f b6       	in	r0, 0x3f	; 63
     72e:	f8 94       	cli
     730:	de bf       	out	0x3e, r29	; 62
     732:	0f be       	out	0x3f, r0	; 63
     734:	cd bf       	out	0x3d, r28	; 61
     736:	df 91       	pop	r29
     738:	cf 91       	pop	r28
     73a:	1f 91       	pop	r17
     73c:	0f 91       	pop	r16
     73e:	08 95       	ret

00000740 <LCD_SendCommand>:
void LCD_SendCommand(uint8_t Command)
{
     740:	cf 93       	push	r28
     742:	df 93       	push	r29
     744:	0f 92       	push	r0
     746:	cd b7       	in	r28, 0x3d	; 61
     748:	de b7       	in	r29, 0x3e	; 62
     74a:	89 83       	std	Y+1, r24	; 0x01

0000074c <.Loc.86>:
    #if LCD_TypeMode==Lcd_8bitMode
        // RS -> Low
        DIO_WritePin(RSGroup,RSPin,DIO_Lowfor1Pin);
     74c:	40 e0       	ldi	r20, 0x00	; 0
     74e:	60 e0       	ldi	r22, 0x00	; 0
     750:	81 e0       	ldi	r24, 0x01	; 1
     752:	0e 94 3c 0a 	call	0x1478	; 0x1478 <DIO_WritePin>

00000756 <.Loc.87>:
        // RW -> Low 
        DIO_WritePin(RWGroup,RWPin,DIO_Lowfor1Pin);
     756:	40 e0       	ldi	r20, 0x00	; 0
     758:	61 e0       	ldi	r22, 0x01	; 1
     75a:	81 e0       	ldi	r24, 0x01	; 1
     75c:	0e 94 3c 0a 	call	0x1478	; 0x1478 <DIO_WritePin>

00000760 <.Loc.88>:
        // DataPin=Command 
        DIO_WriteGroup(DataGroup,Command);
     760:	69 81       	ldd	r22, Y+1	; 0x01
     762:	83 e0       	ldi	r24, 0x03	; 3
     764:	0e 94 43 0b 	call	0x1686	; 0x1686 <DIO_WriteGroup>

00000768 <.Loc.89>:
        // E -> High 
        DIO_WritePin(EGroup,EPin,DIO_Highfor1Pin);
     768:	41 e0       	ldi	r20, 0x01	; 1
     76a:	62 e0       	ldi	r22, 0x02	; 2
     76c:	81 e0       	ldi	r24, 0x01	; 1
     76e:	0e 94 3c 0a 	call	0x1478	; 0x1478 <DIO_WritePin>

00000772 <.Loc.90>:
        // wait 1msec 
        // E-> Low    
        DIO_WritePin(EGroup,EPin,DIO_Lowfor1Pin);
     772:	40 e0       	ldi	r20, 0x00	; 0
     774:	62 e0       	ldi	r22, 0x02	; 2
     776:	81 e0       	ldi	r24, 0x01	; 1
     778:	0e 94 3c 0a 	call	0x1478	; 0x1478 <DIO_WritePin>

0000077c <.Loc.91>:
    #elif LCD_TypeMode==Lcd_4bitMode
        //code
    #endif /* LCD_TypeMode*/
}
     77c:	00 00       	nop
     77e:	0f 90       	pop	r0
     780:	df 91       	pop	r29
     782:	cf 91       	pop	r28
     784:	08 95       	ret

00000786 <LCD_WriteCharacter>:

void LCD_WriteCharacter(uint8_t Character)
{
     786:	cf 93       	push	r28
     788:	df 93       	push	r29
     78a:	0f 92       	push	r0
     78c:	cd b7       	in	r28, 0x3d	; 61
     78e:	de b7       	in	r29, 0x3e	; 62
     790:	89 83       	std	Y+1, r24	; 0x01

00000792 <.Loc.93>:
    #if LCD_TypeMode==Lcd_8bitMode
        // RS -> High
        DIO_WritePin(RSGroup,RSPin,DIO_Highfor1Pin);
     792:	41 e0       	ldi	r20, 0x01	; 1
     794:	60 e0       	ldi	r22, 0x00	; 0
     796:	81 e0       	ldi	r24, 0x01	; 1
     798:	0e 94 3c 0a 	call	0x1478	; 0x1478 <DIO_WritePin>

0000079c <.Loc.94>:
        // RW -> Low 
        DIO_WritePin(RWGroup,RWPin,DIO_Lowfor1Pin);
     79c:	40 e0       	ldi	r20, 0x00	; 0
     79e:	61 e0       	ldi	r22, 0x01	; 1
     7a0:	81 e0       	ldi	r24, 0x01	; 1
     7a2:	0e 94 3c 0a 	call	0x1478	; 0x1478 <DIO_WritePin>

000007a6 <.Loc.95>:
        // DataPin=Character 
        DIO_WriteGroup(DataGroup,Character);
     7a6:	69 81       	ldd	r22, Y+1	; 0x01
     7a8:	83 e0       	ldi	r24, 0x03	; 3
     7aa:	0e 94 43 0b 	call	0x1686	; 0x1686 <DIO_WriteGroup>

000007ae <.Loc.96>:
        // E -> High 
        DIO_WritePin(EGroup,EPin,DIO_Highfor1Pin);
     7ae:	41 e0       	ldi	r20, 0x01	; 1
     7b0:	62 e0       	ldi	r22, 0x02	; 2
     7b2:	81 e0       	ldi	r24, 0x01	; 1
     7b4:	0e 94 3c 0a 	call	0x1478	; 0x1478 <DIO_WritePin>

000007b8 <.Loc.97>:
        // wait 1msec 
        // E-> Low    
        DIO_WritePin(EGroup,EPin,DIO_Lowfor1Pin);
     7b8:	40 e0       	ldi	r20, 0x00	; 0
     7ba:	62 e0       	ldi	r22, 0x02	; 2
     7bc:	81 e0       	ldi	r24, 0x01	; 1
     7be:	0e 94 3c 0a 	call	0x1478	; 0x1478 <DIO_WritePin>

000007c2 <.Loc.98>:
    #elif LCD_TypeMode==Lcd_4bitMode
        //code
    #endif /* LCD_TypeMode*/
}
     7c2:	00 00       	nop
     7c4:	0f 90       	pop	r0
     7c6:	df 91       	pop	r29
     7c8:	cf 91       	pop	r28
     7ca:	08 95       	ret

000007cc <LCD_WriteString>:

void LCD_WriteString(uint8_t *String)
{
     7cc:	cf 93       	push	r28
     7ce:	df 93       	push	r29
     7d0:	00 d0       	rcall	.+0      	; 0x7d2 <L0^A>

000007d2 <L0^A>:
     7d2:	0f 92       	push	r0
     7d4:	cd b7       	in	r28, 0x3d	; 61
     7d6:	de b7       	in	r29, 0x3e	; 62
     7d8:	9b 83       	std	Y+3, r25	; 0x03
     7da:	8a 83       	std	Y+2, r24	; 0x02

000007dc <.Loc.100>:
    if(String!=NULL)
     7dc:	8a 81       	ldd	r24, Y+2	; 0x02
     7de:	9b 81       	ldd	r25, Y+3	; 0x03
     7e0:	00 97       	sbiw	r24, 0x00	; 0
     7e2:	d9 f0       	breq	.+54     	; 0x81a <.L68>

000007e4 <.LBB72>:
    {
        uint8_t Index = 0 ;
     7e4:	19 82       	std	Y+1, r1	; 0x01

000007e6 <.Loc.102>:
        while(String[Index]!=NULLChar)
     7e6:	0e c0       	rjmp	.+28     	; 0x804 <.L66>

000007e8 <.L67>:
        {
            LCD_WriteCharacter(String[Index]);
     7e8:	89 81       	ldd	r24, Y+1	; 0x01
     7ea:	88 2f       	mov	r24, r24
     7ec:	90 e0       	ldi	r25, 0x00	; 0
     7ee:	2a 81       	ldd	r18, Y+2	; 0x02
     7f0:	3b 81       	ldd	r19, Y+3	; 0x03
     7f2:	82 0f       	add	r24, r18
     7f4:	93 1f       	adc	r25, r19

000007f6 <.Loc.104>:
     7f6:	fc 01       	movw	r30, r24
     7f8:	80 81       	ld	r24, Z
     7fa:	0e 94 c3 03 	call	0x786	; 0x786 <LCD_WriteCharacter>

000007fe <.Loc.105>:
            Index++; 
     7fe:	89 81       	ldd	r24, Y+1	; 0x01
     800:	8f 5f       	subi	r24, 0xFF	; 255
     802:	89 83       	std	Y+1, r24	; 0x01

00000804 <.L66>:
        while(String[Index]!=NULLChar)
     804:	89 81       	ldd	r24, Y+1	; 0x01
     806:	88 2f       	mov	r24, r24
     808:	90 e0       	ldi	r25, 0x00	; 0
     80a:	2a 81       	ldd	r18, Y+2	; 0x02
     80c:	3b 81       	ldd	r19, Y+3	; 0x03
     80e:	82 0f       	add	r24, r18
     810:	93 1f       	adc	r25, r19
     812:	fc 01       	movw	r30, r24
     814:	80 81       	ld	r24, Z

00000816 <.Loc.107>:
     816:	81 15       	cp	r24, r1
     818:	39 f7       	brne	.-50     	; 0x7e8 <.L67>

0000081a <.L68>:
        }
    }
}
     81a:	00 00       	nop
     81c:	0f 90       	pop	r0
     81e:	0f 90       	pop	r0
     820:	0f 90       	pop	r0
     822:	df 91       	pop	r29
     824:	cf 91       	pop	r28
     826:	08 95       	ret

00000828 <LCD_MoveTo>:

void LCD_MoveTo(uint8_t LineNo,uint8_t DigitNo)
{
     828:	cf 93       	push	r28
     82a:	df 93       	push	r29
     82c:	cd b7       	in	r28, 0x3d	; 61
     82e:	de b7       	in	r29, 0x3e	; 62
     830:	61 97       	sbiw	r28, 0x11	; 17
     832:	0f b6       	in	r0, 0x3f	; 63
     834:	f8 94       	cli
     836:	de bf       	out	0x3e, r29	; 62
     838:	0f be       	out	0x3f, r0	; 63
     83a:	cd bf       	out	0x3d, r28	; 61
     83c:	88 8b       	std	Y+16, r24	; 0x10
     83e:	69 8b       	std	Y+17, r22	; 0x11

00000840 <.Loc.110>:
    //Select the Location Will be Displayed on Data Display RAM
    uint8_t DDRAM_Address = 0 ;
     840:	19 82       	std	Y+1, r1	; 0x01

00000842 <.Loc.111>:
    switch(LineNo)
     842:	88 89       	ldd	r24, Y+16	; 0x10
     844:	88 2f       	mov	r24, r24
     846:	90 e0       	ldi	r25, 0x00	; 0
     848:	00 97       	sbiw	r24, 0x00	; 0
     84a:	21 f0       	breq	.+8      	; 0x854 <.L70>
     84c:	81 30       	cpi	r24, 0x01	; 1
     84e:	91 05       	cpc	r25, r1
     850:	21 f0       	breq	.+8      	; 0x85a <.L71>

00000852 <.Loc.112>:
    {
        case Lcd_Line1: DDRAM_Address=Lcd_Lin1Address+DigitNo;break;
        case Lcd_Line2: DDRAM_Address=Lcd_Lin2Address+DigitNo;break; /** @bug the Line not Work  */
        default:break;
     852:	07 c0       	rjmp	.+14     	; 0x862 <.L73>

00000854 <.L70>:
        case Lcd_Line1: DDRAM_Address=Lcd_Lin1Address+DigitNo;break;
     854:	89 89       	ldd	r24, Y+17	; 0x11
     856:	89 83       	std	Y+1, r24	; 0x01

00000858 <.Loc.114>:
     858:	04 c0       	rjmp	.+8      	; 0x862 <.L73>

0000085a <.L71>:
        case Lcd_Line2: DDRAM_Address=Lcd_Lin2Address+DigitNo;break; /** @bug the Line not Work  */
     85a:	89 89       	ldd	r24, Y+17	; 0x11
     85c:	80 5c       	subi	r24, 0xC0	; 192
     85e:	89 83       	std	Y+1, r24	; 0x01

00000860 <.Loc.116>:
	...

00000862 <.L73>:
    }
    LCD_SendCommand(Lcd_SetDDRAMCommand|DDRAM_Address);
     862:	89 81       	ldd	r24, Y+1	; 0x01
     864:	80 68       	ori	r24, 0x80	; 128
     866:	0e 94 a0 03 	call	0x740	; 0x740 <LCD_SendCommand>
     86a:	80 e0       	ldi	r24, 0x00	; 0
     86c:	90 e0       	ldi	r25, 0x00	; 0
     86e:	a0 e8       	ldi	r26, 0x80	; 128
     870:	bf e3       	ldi	r27, 0x3F	; 63
     872:	8a 83       	std	Y+2, r24	; 0x02
     874:	9b 83       	std	Y+3, r25	; 0x03
     876:	ac 83       	std	Y+4, r26	; 0x04
     878:	bd 83       	std	Y+5, r27	; 0x05

0000087a <.LBB73>:
	__tmp = ((F_CPU) / 4e3) * __ms;
     87a:	20 e0       	ldi	r18, 0x00	; 0
     87c:	30 e0       	ldi	r19, 0x00	; 0
     87e:	4a e7       	ldi	r20, 0x7A	; 122
     880:	55 e4       	ldi	r21, 0x45	; 69
     882:	6a 81       	ldd	r22, Y+2	; 0x02
     884:	7b 81       	ldd	r23, Y+3	; 0x03
     886:	8c 81       	ldd	r24, Y+4	; 0x04
     888:	9d 81       	ldd	r25, Y+5	; 0x05
     88a:	0e 94 5e 15 	call	0x2abc	; 0x2abc <__mulsf3>
     88e:	dc 01       	movw	r26, r24
     890:	cb 01       	movw	r24, r22
     892:	8e 83       	std	Y+6, r24	; 0x06
     894:	9f 83       	std	Y+7, r25	; 0x07
     896:	a8 87       	std	Y+8, r26	; 0x08
     898:	b9 87       	std	Y+9, r27	; 0x09

0000089a <.Loc.119>:
	if (__tmp < 1.0)
     89a:	20 e0       	ldi	r18, 0x00	; 0
     89c:	30 e0       	ldi	r19, 0x00	; 0
     89e:	40 e8       	ldi	r20, 0x80	; 128
     8a0:	5f e3       	ldi	r21, 0x3F	; 63
     8a2:	6e 81       	ldd	r22, Y+6	; 0x06
     8a4:	7f 81       	ldd	r23, Y+7	; 0x07
     8a6:	88 85       	ldd	r24, Y+8	; 0x08
     8a8:	99 85       	ldd	r25, Y+9	; 0x09
     8aa:	0e 94 d8 14 	call	0x29b0	; 0x29b0 <__cmpsf2>
     8ae:	81 15       	cp	r24, r1
     8b0:	2c f4       	brge	.+10     	; 0x8bc <.L84>

000008b2 <.Loc.120>:
		__ticks = 1;
     8b2:	81 e0       	ldi	r24, 0x01	; 1
     8b4:	90 e0       	ldi	r25, 0x00	; 0
     8b6:	9b 87       	std	Y+11, r25	; 0x0b
     8b8:	8a 87       	std	Y+10, r24	; 0x0a
     8ba:	40 c0       	rjmp	.+128    	; 0x93c <.L76>

000008bc <.L84>:
	else if (__tmp > 65535)
     8bc:	20 e0       	ldi	r18, 0x00	; 0
     8be:	3f ef       	ldi	r19, 0xFF	; 255
     8c0:	4f e7       	ldi	r20, 0x7F	; 127
     8c2:	57 e4       	ldi	r21, 0x47	; 71
     8c4:	6e 81       	ldd	r22, Y+6	; 0x06
     8c6:	7f 81       	ldd	r23, Y+7	; 0x07
     8c8:	88 85       	ldd	r24, Y+8	; 0x08
     8ca:	99 85       	ldd	r25, Y+9	; 0x09
     8cc:	0e 94 59 15 	call	0x2ab2	; 0x2ab2 <__gesf2>
     8d0:	81 30       	cpi	r24, 0x01	; 1
     8d2:	54 f1       	brlt	.+84     	; 0x928 <.L85>

000008d4 <.Loc.122>:
		__ticks = (uint16_t) (__ms * 10.0);
     8d4:	20 e0       	ldi	r18, 0x00	; 0
     8d6:	30 e0       	ldi	r19, 0x00	; 0
     8d8:	40 e2       	ldi	r20, 0x20	; 32
     8da:	51 e4       	ldi	r21, 0x41	; 65
     8dc:	6a 81       	ldd	r22, Y+2	; 0x02
     8de:	7b 81       	ldd	r23, Y+3	; 0x03
     8e0:	8c 81       	ldd	r24, Y+4	; 0x04
     8e2:	9d 81       	ldd	r25, Y+5	; 0x05
     8e4:	0e 94 5e 15 	call	0x2abc	; 0x2abc <__mulsf3>
     8e8:	dc 01       	movw	r26, r24
     8ea:	cb 01       	movw	r24, r22

000008ec <.Loc.123>:
     8ec:	bc 01       	movw	r22, r24
     8ee:	cd 01       	movw	r24, r26
     8f0:	0e 94 dd 14 	call	0x29ba	; 0x29ba <__fixunssfsi>
     8f4:	dc 01       	movw	r26, r24
     8f6:	cb 01       	movw	r24, r22
     8f8:	9b 87       	std	Y+11, r25	; 0x0b
     8fa:	8a 87       	std	Y+10, r24	; 0x0a

000008fc <.Loc.124>:
		while(__ticks)
     8fc:	10 c0       	rjmp	.+32     	; 0x91e <.L79>

000008fe <.L80>:
     8fe:	80 e9       	ldi	r24, 0x90	; 144
     900:	91 e0       	ldi	r25, 0x01	; 1
     902:	9d 87       	std	Y+13, r25	; 0x0d
     904:	8c 87       	std	Y+12, r24	; 0x0c

00000906 <.LBB75>:
     906:	8c 85       	ldd	r24, Y+12	; 0x0c
     908:	9d 85       	ldd	r25, Y+13	; 0x0d

0000090a <.L1^B11>:
     90a:	01 97       	sbiw	r24, 0x01	; 1
     90c:	f1 f7       	brne	.-4      	; 0x90a <.L1^B11>
     90e:	9d 87       	std	Y+13, r25	; 0x0d
     910:	8c 87       	std	Y+12, r24	; 0x0c

00000912 <.Loc.126>:
	...

00000914 <.LBE75>:
			__ticks --;
     914:	8a 85       	ldd	r24, Y+10	; 0x0a
     916:	9b 85       	ldd	r25, Y+11	; 0x0b
     918:	01 97       	sbiw	r24, 0x01	; 1
     91a:	9b 87       	std	Y+11, r25	; 0x0b
     91c:	8a 87       	std	Y+10, r24	; 0x0a

0000091e <.L79>:
		while(__ticks)
     91e:	8a 85       	ldd	r24, Y+10	; 0x0a
     920:	9b 85       	ldd	r25, Y+11	; 0x0b
     922:	00 97       	sbiw	r24, 0x00	; 0
     924:	61 f7       	brne	.-40     	; 0x8fe <.L80>

00000926 <.Loc.129>:
		return;
     926:	15 c0       	rjmp	.+42     	; 0x952 <.L81>

00000928 <.L85>:
		__ticks = (uint16_t)__tmp;
     928:	6e 81       	ldd	r22, Y+6	; 0x06
     92a:	7f 81       	ldd	r23, Y+7	; 0x07
     92c:	88 85       	ldd	r24, Y+8	; 0x08
     92e:	99 85       	ldd	r25, Y+9	; 0x09
     930:	0e 94 dd 14 	call	0x29ba	; 0x29ba <__fixunssfsi>
     934:	dc 01       	movw	r26, r24
     936:	cb 01       	movw	r24, r22
     938:	9b 87       	std	Y+11, r25	; 0x0b
     93a:	8a 87       	std	Y+10, r24	; 0x0a

0000093c <.L76>:
     93c:	8a 85       	ldd	r24, Y+10	; 0x0a
     93e:	9b 85       	ldd	r25, Y+11	; 0x0b
     940:	9f 87       	std	Y+15, r25	; 0x0f
     942:	8e 87       	std	Y+14, r24	; 0x0e

00000944 <.LBB77>:
     944:	8e 85       	ldd	r24, Y+14	; 0x0e
     946:	9f 85       	ldd	r25, Y+15	; 0x0f

00000948 <.L1^B12>:
     948:	01 97       	sbiw	r24, 0x01	; 1
     94a:	f1 f7       	brne	.-4      	; 0x948 <.L1^B12>
     94c:	9f 87       	std	Y+15, r25	; 0x0f
     94e:	8e 87       	std	Y+14, r24	; 0x0e

00000950 <.Loc.132>:
	...

00000952 <.L81>:
    _delay_ms(1);
}
     952:	00 00       	nop
     954:	61 96       	adiw	r28, 0x11	; 17
     956:	0f b6       	in	r0, 0x3f	; 63
     958:	f8 94       	cli
     95a:	de bf       	out	0x3e, r29	; 62
     95c:	0f be       	out	0x3f, r0	; 63
     95e:	cd bf       	out	0x3d, r28	; 61
     960:	df 91       	pop	r29
     962:	cf 91       	pop	r28
     964:	08 95       	ret

00000966 <LCD_WriteNumber>:


void LCD_WriteNumber(int32_t Number)
{
     966:	0f 93       	push	r16
     968:	1f 93       	push	r17
     96a:	cf 93       	push	r28
     96c:	df 93       	push	r29
     96e:	cd b7       	in	r28, 0x3d	; 61
     970:	de b7       	in	r29, 0x3e	; 62
     972:	60 97       	sbiw	r28, 0x10	; 16
     974:	0f b6       	in	r0, 0x3f	; 63
     976:	f8 94       	cli
     978:	de bf       	out	0x3e, r29	; 62
     97a:	0f be       	out	0x3f, r0	; 63
     97c:	cd bf       	out	0x3d, r28	; 61
     97e:	6d 87       	std	Y+13, r22	; 0x0d
     980:	7e 87       	std	Y+14, r23	; 0x0e
     982:	8f 87       	std	Y+15, r24	; 0x0f
     984:	98 8b       	std	Y+16, r25	; 0x10

00000986 <.Loc.135>:
    uint8_t NumberDigits[10]={0};
     986:	2a e0       	ldi	r18, 0x0A	; 10
     988:	ce 01       	movw	r24, r28
     98a:	03 96       	adiw	r24, 0x03	; 3
     98c:	fc 01       	movw	r30, r24
     98e:	32 2f       	mov	r19, r18

00000990 <.L0^B1>:
     990:	11 92       	st	Z+, r1
     992:	3a 95       	dec	r19
     994:	e9 f7       	brne	.-6      	; 0x990 <.L0^B1>

00000996 <.Loc.136>:
    uint8_t Index = 0 ;
     996:	19 82       	std	Y+1, r1	; 0x01

00000998 <.Loc.137>:
    uint8_t Counter = 0 ;
     998:	1a 82       	std	Y+2, r1	; 0x02

0000099a <.Loc.138>:
    if(Number==0)
     99a:	8d 85       	ldd	r24, Y+13	; 0x0d
     99c:	9e 85       	ldd	r25, Y+14	; 0x0e
     99e:	af 85       	ldd	r26, Y+15	; 0x0f
     9a0:	b8 89       	ldd	r27, Y+16	; 0x10
     9a2:	00 97       	sbiw	r24, 0x00	; 0
     9a4:	a1 05       	cpc	r26, r1
     9a6:	b1 05       	cpc	r27, r1
     9a8:	21 f4       	brne	.+8      	; 0x9b2 <.L87>

000009aa <.Loc.139>:
    {
        LCD_WriteCharacter('0');
     9aa:	80 e3       	ldi	r24, 0x30	; 48
     9ac:	0e 94 c3 03 	call	0x786	; 0x786 <LCD_WriteCharacter>

000009b0 <.Loc.140>:
        return ;
     9b0:	6c c0       	rjmp	.+216    	; 0xa8a <.L93>

000009b2 <.L87>:
    }
    if(Number<0)
     9b2:	8d 85       	ldd	r24, Y+13	; 0x0d
     9b4:	9e 85       	ldd	r25, Y+14	; 0x0e
     9b6:	af 85       	ldd	r26, Y+15	; 0x0f
     9b8:	b8 89       	ldd	r27, Y+16	; 0x10
     9ba:	00 97       	sbiw	r24, 0x00	; 0
     9bc:	a1 05       	cpc	r26, r1
     9be:	b1 05       	cpc	r27, r1
     9c0:	0c f0       	brlt	.+2      	; 0x9c4 <.Loc.142>

000009c2 <L0^A>:
     9c2:	47 c0       	rjmp	.+142    	; 0xa52 <.L90>

000009c4 <.Loc.142>:
    {
       LCD_WriteCharacter('-');
     9c4:	8d e2       	ldi	r24, 0x2D	; 45
     9c6:	0e 94 c3 03 	call	0x786	; 0x786 <LCD_WriteCharacter>

000009ca <.Loc.143>:
       Number = Number * -1 ; 
     9ca:	8d 85       	ldd	r24, Y+13	; 0x0d
     9cc:	9e 85       	ldd	r25, Y+14	; 0x0e
     9ce:	af 85       	ldd	r26, Y+15	; 0x0f
     9d0:	b8 89       	ldd	r27, Y+16	; 0x10
     9d2:	b0 95       	com	r27
     9d4:	a0 95       	com	r26
     9d6:	90 95       	com	r25
     9d8:	81 95       	neg	r24
     9da:	9f 4f       	sbci	r25, 0xFF	; 255
     9dc:	af 4f       	sbci	r26, 0xFF	; 255
     9de:	bf 4f       	sbci	r27, 0xFF	; 255
     9e0:	8d 87       	std	Y+13, r24	; 0x0d
     9e2:	9e 87       	std	Y+14, r25	; 0x0e
     9e4:	af 87       	std	Y+15, r26	; 0x0f
     9e6:	b8 8b       	std	Y+16, r27	; 0x10

000009e8 <.Loc.144>:
    }
    while(Number!=0)
     9e8:	34 c0       	rjmp	.+104    	; 0xa52 <.L90>

000009ea <.L91>:
    {
        // Spareted Numbers 
        NumberDigits[Index] = (Number %10)+'0';
     9ea:	8d 85       	ldd	r24, Y+13	; 0x0d
     9ec:	9e 85       	ldd	r25, Y+14	; 0x0e
     9ee:	af 85       	ldd	r26, Y+15	; 0x0f
     9f0:	b8 89       	ldd	r27, Y+16	; 0x10
     9f2:	0a e0       	ldi	r16, 0x0A	; 10
     9f4:	10 e0       	ldi	r17, 0x00	; 0
     9f6:	20 e0       	ldi	r18, 0x00	; 0
     9f8:	30 e0       	ldi	r19, 0x00	; 0
     9fa:	bc 01       	movw	r22, r24
     9fc:	cd 01       	movw	r24, r26
     9fe:	a9 01       	movw	r20, r18
     a00:	98 01       	movw	r18, r16
     a02:	0e 94 97 14 	call	0x292e	; 0x292e <__divmodsi4>
     a06:	dc 01       	movw	r26, r24
     a08:	cb 01       	movw	r24, r22

00000a0a <.Loc.146>:
     a0a:	28 2f       	mov	r18, r24

00000a0c <.Loc.147>:
     a0c:	89 81       	ldd	r24, Y+1	; 0x01
     a0e:	88 2f       	mov	r24, r24
     a10:	90 e0       	ldi	r25, 0x00	; 0

00000a12 <.Loc.148>:
     a12:	40 e3       	ldi	r20, 0x30	; 48
     a14:	42 0f       	add	r20, r18

00000a16 <.Loc.149>:
     a16:	9e 01       	movw	r18, r28
     a18:	2d 5f       	subi	r18, 0xFD	; 253
     a1a:	3f 4f       	sbci	r19, 0xFF	; 255
     a1c:	82 0f       	add	r24, r18
     a1e:	93 1f       	adc	r25, r19
     a20:	fc 01       	movw	r30, r24
     a22:	40 83       	st	Z, r20

00000a24 <.Loc.150>:
        Number=Number/10;
     a24:	8d 85       	ldd	r24, Y+13	; 0x0d
     a26:	9e 85       	ldd	r25, Y+14	; 0x0e
     a28:	af 85       	ldd	r26, Y+15	; 0x0f
     a2a:	b8 89       	ldd	r27, Y+16	; 0x10
     a2c:	0a e0       	ldi	r16, 0x0A	; 10
     a2e:	10 e0       	ldi	r17, 0x00	; 0
     a30:	20 e0       	ldi	r18, 0x00	; 0
     a32:	30 e0       	ldi	r19, 0x00	; 0
     a34:	bc 01       	movw	r22, r24
     a36:	cd 01       	movw	r24, r26
     a38:	a9 01       	movw	r20, r18
     a3a:	98 01       	movw	r18, r16
     a3c:	0e 94 97 14 	call	0x292e	; 0x292e <__divmodsi4>
     a40:	da 01       	movw	r26, r20
     a42:	c9 01       	movw	r24, r18
     a44:	8d 87       	std	Y+13, r24	; 0x0d
     a46:	9e 87       	std	Y+14, r25	; 0x0e
     a48:	af 87       	std	Y+15, r26	; 0x0f
     a4a:	b8 8b       	std	Y+16, r27	; 0x10

00000a4c <.Loc.151>:
        Index++;
     a4c:	89 81       	ldd	r24, Y+1	; 0x01
     a4e:	8f 5f       	subi	r24, 0xFF	; 255
     a50:	89 83       	std	Y+1, r24	; 0x01

00000a52 <.L90>:
    while(Number!=0)
     a52:	8d 85       	ldd	r24, Y+13	; 0x0d
     a54:	9e 85       	ldd	r25, Y+14	; 0x0e
     a56:	af 85       	ldd	r26, Y+15	; 0x0f
     a58:	b8 89       	ldd	r27, Y+16	; 0x10
     a5a:	00 97       	sbiw	r24, 0x00	; 0
     a5c:	a1 05       	cpc	r26, r1
     a5e:	b1 05       	cpc	r27, r1
     a60:	21 f6       	brne	.-120    	; 0x9ea <.L91>

00000a62 <.Loc.153>:
    }
    for(Counter=Index;Counter>=0;Counter--)
     a62:	89 81       	ldd	r24, Y+1	; 0x01
     a64:	8a 83       	std	Y+2, r24	; 0x02

00000a66 <.L92>:
    {
        LCD_WriteCharacter(NumberDigits[Counter-1]);
     a66:	8a 81       	ldd	r24, Y+2	; 0x02
     a68:	88 2f       	mov	r24, r24
     a6a:	90 e0       	ldi	r25, 0x00	; 0
     a6c:	01 97       	sbiw	r24, 0x01	; 1

00000a6e <.Loc.155>:
     a6e:	9e 01       	movw	r18, r28
     a70:	2d 5f       	subi	r18, 0xFD	; 253
     a72:	3f 4f       	sbci	r19, 0xFF	; 255
     a74:	82 0f       	add	r24, r18
     a76:	93 1f       	adc	r25, r19
     a78:	fc 01       	movw	r30, r24
     a7a:	80 81       	ld	r24, Z
     a7c:	0e 94 c3 03 	call	0x786	; 0x786 <LCD_WriteCharacter>

00000a80 <.Loc.156>:
    for(Counter=Index;Counter>=0;Counter--)
     a80:	8a 81       	ldd	r24, Y+2	; 0x02
     a82:	81 50       	subi	r24, 0x01	; 1
     a84:	8a 83       	std	Y+2, r24	; 0x02

00000a86 <.Loc.157>:
        LCD_WriteCharacter(NumberDigits[Counter-1]);
     a86:	00 00       	nop
     a88:	ee cf       	rjmp	.-36     	; 0xa66 <.L92>

00000a8a <.L93>:
    }
}
     a8a:	60 96       	adiw	r28, 0x10	; 16
     a8c:	0f b6       	in	r0, 0x3f	; 63
     a8e:	f8 94       	cli
     a90:	de bf       	out	0x3e, r29	; 62
     a92:	0f be       	out	0x3f, r0	; 63
     a94:	cd bf       	out	0x3d, r28	; 61
     a96:	df 91       	pop	r29
     a98:	cf 91       	pop	r28
     a9a:	1f 91       	pop	r17
     a9c:	0f 91       	pop	r16
     a9e:	08 95       	ret

00000aa0 <LCD_StoreSpecialCharacter>:

void LCD_StoreSpecialCharacter(uint8_t *SpecialCharacter,uint8_t Location)
{
     aa0:	cf 93       	push	r28
     aa2:	df 93       	push	r29
     aa4:	00 d0       	rcall	.+0      	; 0xaa6 <L0^A>

00000aa6 <L0^A>:
     aa6:	00 d0       	rcall	.+0      	; 0xaa8 <L0^A>

00000aa8 <L0^A>:
     aa8:	0f 92       	push	r0
     aaa:	cd b7       	in	r28, 0x3d	; 61
     aac:	de b7       	in	r29, 0x3e	; 62
     aae:	9c 83       	std	Y+4, r25	; 0x04
     ab0:	8b 83       	std	Y+3, r24	; 0x03
     ab2:	6d 83       	std	Y+5, r22	; 0x05

00000ab4 <.Loc.160>:
    if(Location<8)
     ab4:	8d 81       	ldd	r24, Y+5	; 0x05
     ab6:	88 30       	cpi	r24, 0x08	; 8
     ab8:	08 f5       	brcc	.+66     	; 0xafc <.L98>

00000aba <.LBB79>:
    {
        uint8_t CGRAM_Address = Location*8;
     aba:	8d 81       	ldd	r24, Y+5	; 0x05
     abc:	88 0f       	add	r24, r24
     abe:	88 0f       	add	r24, r24
     ac0:	88 0f       	add	r24, r24
     ac2:	8a 83       	std	Y+2, r24	; 0x02

00000ac4 <.Loc.162>:
        LCD_SendCommand(0x40|CGRAM_Address); // Go To CGRAM
     ac4:	8a 81       	ldd	r24, Y+2	; 0x02
     ac6:	80 64       	ori	r24, 0x40	; 64
     ac8:	0e 94 a0 03 	call	0x740	; 0x740 <LCD_SendCommand>

00000acc <.Loc.163>:
        uint8_t Index = 0 ;
     acc:	19 82       	std	Y+1, r1	; 0x01

00000ace <.Loc.164>:
        for(Index=0;Index<8;Index++)
     ace:	19 82       	std	Y+1, r1	; 0x01

00000ad0 <.Loc.165>:
     ad0:	0e c0       	rjmp	.+28     	; 0xaee <.L96>

00000ad2 <.L97>:
        {
            LCD_WriteCharacter(SpecialCharacter[Index]);
     ad2:	89 81       	ldd	r24, Y+1	; 0x01
     ad4:	88 2f       	mov	r24, r24
     ad6:	90 e0       	ldi	r25, 0x00	; 0
     ad8:	2b 81       	ldd	r18, Y+3	; 0x03
     ada:	3c 81       	ldd	r19, Y+4	; 0x04
     adc:	82 0f       	add	r24, r18
     ade:	93 1f       	adc	r25, r19

00000ae0 <.Loc.167>:
     ae0:	fc 01       	movw	r30, r24
     ae2:	80 81       	ld	r24, Z
     ae4:	0e 94 c3 03 	call	0x786	; 0x786 <LCD_WriteCharacter>

00000ae8 <.Loc.168>:
        for(Index=0;Index<8;Index++)
     ae8:	89 81       	ldd	r24, Y+1	; 0x01
     aea:	8f 5f       	subi	r24, 0xFF	; 255
     aec:	89 83       	std	Y+1, r24	; 0x01

00000aee <.L96>:
     aee:	89 81       	ldd	r24, Y+1	; 0x01
     af0:	88 30       	cpi	r24, 0x08	; 8
     af2:	78 f3       	brcs	.-34     	; 0xad2 <.L97>

00000af4 <.Loc.170>:
        }
        LCD_MoveTo(Lcd_Line1,0);// Back to DDRAM
     af4:	60 e0       	ldi	r22, 0x00	; 0
     af6:	80 e0       	ldi	r24, 0x00	; 0
     af8:	0e 94 14 04 	call	0x828	; 0x828 <LCD_MoveTo>

00000afc <.L98>:
    }
}
     afc:	00 00       	nop
     afe:	0f 90       	pop	r0
     b00:	0f 90       	pop	r0
     b02:	0f 90       	pop	r0
     b04:	0f 90       	pop	r0
     b06:	0f 90       	pop	r0
     b08:	df 91       	pop	r29
     b0a:	cf 91       	pop	r28
     b0c:	08 95       	ret

00000b0e <Led_Init>:

#include "Led_Interface.h"


void Led_Init(uint8_t LedGroup, uint8_t LedPin)
{
     b0e:	cf 93       	push	r28
     b10:	df 93       	push	r29
     b12:	00 d0       	rcall	.+0      	; 0xb14 <L0^A>

00000b14 <L0^A>:
     b14:	cd b7       	in	r28, 0x3d	; 61
     b16:	de b7       	in	r29, 0x3e	; 62
     b18:	89 83       	std	Y+1, r24	; 0x01
     b1a:	6a 83       	std	Y+2, r22	; 0x02

00000b1c <.Loc.1>:
    DIO_DirectionSelectforPin(LedGroup, LedPin, DIO_Outputfor1Pin);
     b1c:	41 e0       	ldi	r20, 0x01	; 1
     b1e:	6a 81       	ldd	r22, Y+2	; 0x02
     b20:	89 81       	ldd	r24, Y+1	; 0x01
     b22:	0e 94 fa 08 	call	0x11f4	; 0x11f4 <DIO_DirectionSelectforPin>

00000b26 <.Loc.2>:
}
     b26:	00 00       	nop
     b28:	0f 90       	pop	r0
     b2a:	0f 90       	pop	r0
     b2c:	df 91       	pop	r29
     b2e:	cf 91       	pop	r28
     b30:	08 95       	ret

00000b32 <Led_On>:

void Led_On(uint8_t LedGroup, uint8_t LedPin, uint8_t ConnectionType)
{
     b32:	cf 93       	push	r28
     b34:	df 93       	push	r29
     b36:	00 d0       	rcall	.+0      	; 0xb38 <L0^A>

00000b38 <L0^A>:
     b38:	0f 92       	push	r0
     b3a:	cd b7       	in	r28, 0x3d	; 61
     b3c:	de b7       	in	r29, 0x3e	; 62
     b3e:	89 83       	std	Y+1, r24	; 0x01
     b40:	6a 83       	std	Y+2, r22	; 0x02
     b42:	4b 83       	std	Y+3, r20	; 0x03

00000b44 <.Loc.4>:
    if (ConnectionType == LED_SOURCE_CONNECTION)
     b44:	8b 81       	ldd	r24, Y+3	; 0x03
     b46:	81 30       	cpi	r24, 0x01	; 1
     b48:	31 f4       	brne	.+12     	; 0xb56 <.L3>

00000b4a <.Loc.5>:
    {
        DIO_WritePin(LedGroup, LedPin, DIO_Highfor1Pin);
     b4a:	41 e0       	ldi	r20, 0x01	; 1
     b4c:	6a 81       	ldd	r22, Y+2	; 0x02
     b4e:	89 81       	ldd	r24, Y+1	; 0x01
     b50:	0e 94 3c 0a 	call	0x1478	; 0x1478 <DIO_WritePin>

00000b54 <.Loc.6>:
        DIO_WritePin(LedGroup, LedPin, DIO_Lowfor1Pin);
    }
    else
    {
    }
}
     b54:	08 c0       	rjmp	.+16     	; 0xb66 <.L5>

00000b56 <.L3>:
    else if (ConnectionType == LED_SINK_CONNECTION)
     b56:	8b 81       	ldd	r24, Y+3	; 0x03
     b58:	81 15       	cp	r24, r1
     b5a:	29 f4       	brne	.+10     	; 0xb66 <.L5>

00000b5c <.Loc.8>:
        DIO_WritePin(LedGroup, LedPin, DIO_Lowfor1Pin);
     b5c:	40 e0       	ldi	r20, 0x00	; 0
     b5e:	6a 81       	ldd	r22, Y+2	; 0x02
     b60:	89 81       	ldd	r24, Y+1	; 0x01
     b62:	0e 94 3c 0a 	call	0x1478	; 0x1478 <DIO_WritePin>

00000b66 <.L5>:
}
     b66:	00 00       	nop
     b68:	0f 90       	pop	r0
     b6a:	0f 90       	pop	r0
     b6c:	0f 90       	pop	r0
     b6e:	df 91       	pop	r29
     b70:	cf 91       	pop	r28
     b72:	08 95       	ret

00000b74 <Led_Off>:

void Led_Off(uint8_t LedGroup, uint8_t LedPin, uint8_t ConnectionType)
{
     b74:	cf 93       	push	r28
     b76:	df 93       	push	r29
     b78:	00 d0       	rcall	.+0      	; 0xb7a <L0^A>

00000b7a <L0^A>:
     b7a:	0f 92       	push	r0
     b7c:	cd b7       	in	r28, 0x3d	; 61
     b7e:	de b7       	in	r29, 0x3e	; 62
     b80:	89 83       	std	Y+1, r24	; 0x01
     b82:	6a 83       	std	Y+2, r22	; 0x02
     b84:	4b 83       	std	Y+3, r20	; 0x03

00000b86 <.Loc.11>:
    if (ConnectionType == LED_SOURCE_CONNECTION)
     b86:	8b 81       	ldd	r24, Y+3	; 0x03
     b88:	81 30       	cpi	r24, 0x01	; 1
     b8a:	31 f4       	brne	.+12     	; 0xb98 <.L7>

00000b8c <.Loc.12>:
    {
        DIO_WritePin(LedGroup, LedPin, DIO_Lowfor1Pin);
     b8c:	40 e0       	ldi	r20, 0x00	; 0
     b8e:	6a 81       	ldd	r22, Y+2	; 0x02
     b90:	89 81       	ldd	r24, Y+1	; 0x01
     b92:	0e 94 3c 0a 	call	0x1478	; 0x1478 <DIO_WritePin>

00000b96 <.Loc.13>:
        DIO_WritePin(LedGroup, LedPin, DIO_Highfor1Pin);
    }
    else
    {
    }
}
     b96:	08 c0       	rjmp	.+16     	; 0xba8 <.L9>

00000b98 <.L7>:
    else if (ConnectionType == LED_SINK_CONNECTION)
     b98:	8b 81       	ldd	r24, Y+3	; 0x03
     b9a:	81 15       	cp	r24, r1
     b9c:	29 f4       	brne	.+10     	; 0xba8 <.L9>

00000b9e <.Loc.15>:
        DIO_WritePin(LedGroup, LedPin, DIO_Highfor1Pin);
     b9e:	41 e0       	ldi	r20, 0x01	; 1
     ba0:	6a 81       	ldd	r22, Y+2	; 0x02
     ba2:	89 81       	ldd	r24, Y+1	; 0x01
     ba4:	0e 94 3c 0a 	call	0x1478	; 0x1478 <DIO_WritePin>

00000ba8 <.L9>:
}
     ba8:	00 00       	nop
     baa:	0f 90       	pop	r0
     bac:	0f 90       	pop	r0
     bae:	0f 90       	pop	r0
     bb0:	df 91       	pop	r29
     bb2:	cf 91       	pop	r28
     bb4:	08 95       	ret

00000bb6 <Led_Toggle>:

void Led_Toggle(uint8_t LedGroup, uint8_t LedPin)
{
     bb6:	cf 93       	push	r28
     bb8:	df 93       	push	r29
     bba:	00 d0       	rcall	.+0      	; 0xbbc <L0^A>

00000bbc <L0^A>:
     bbc:	cd b7       	in	r28, 0x3d	; 61
     bbe:	de b7       	in	r29, 0x3e	; 62
     bc0:	89 83       	std	Y+1, r24	; 0x01
     bc2:	6a 83       	std	Y+2, r22	; 0x02

00000bc4 <.Loc.18>:
    DIO_TogglePin(LedGroup, LedPin);
     bc4:	6a 81       	ldd	r22, Y+2	; 0x02
     bc6:	89 81       	ldd	r24, Y+1	; 0x01
     bc8:	0e 94 26 0c 	call	0x184c	; 0x184c <DIO_TogglePin>

00000bcc <.Loc.19>:
}
     bcc:	00 00       	nop
     bce:	0f 90       	pop	r0
     bd0:	0f 90       	pop	r0
     bd2:	df 91       	pop	r29
     bd4:	cf 91       	pop	r28
     bd6:	08 95       	ret

00000bd8 <SSD_Init>:
    0x7FU, /* 8 */
    0x6FU  /* 9 */
};

void SSD_Init(uint8_t SSDGroup)
{
     bd8:	cf 93       	push	r28
     bda:	df 93       	push	r29
     bdc:	0f 92       	push	r0
     bde:	cd b7       	in	r28, 0x3d	; 61
     be0:	de b7       	in	r29, 0x3e	; 62
     be2:	89 83       	std	Y+1, r24	; 0x01

00000be4 <.Loc.1>:
    /* ASSUMPTION: DIO_DirectionSelectforGroup(Group,Direction) and
     * DIO_Outputfor8Pins exist in your DIO_Interface.h as the whole-port
     * counterparts of DIO_DirectionSelectforPin / DIO_Outputfor1Pin.
     */
    DIO_DirectionSelectforGroup(SSDGroup, DIO_Outputfor1Group);
     be4:	6f ef       	ldi	r22, 0xFF	; 255
     be6:	89 81       	ldd	r24, Y+1	; 0x01
     be8:	0e 94 01 0a 	call	0x1402	; 0x1402 <DIO_DirectionSelectforGroup>

00000bec <.Loc.2>:
}
     bec:	00 00       	nop
     bee:	0f 90       	pop	r0
     bf0:	df 91       	pop	r29
     bf2:	cf 91       	pop	r28
     bf4:	08 95       	ret

00000bf6 <SSD_DisplayNumber>:

void SSD_DisplayNumber(uint8_t SSDGroup, uint8_t SSDType, uint8_t Number)
{
     bf6:	cf 93       	push	r28
     bf8:	df 93       	push	r29
     bfa:	00 d0       	rcall	.+0      	; 0xbfc <L0^A>

00000bfc <L0^A>:
     bfc:	00 d0       	rcall	.+0      	; 0xbfe <L0^A>

00000bfe <L0^A>:
     bfe:	cd b7       	in	r28, 0x3d	; 61
     c00:	de b7       	in	r29, 0x3e	; 62
     c02:	8a 83       	std	Y+2, r24	; 0x02
     c04:	6b 83       	std	Y+3, r22	; 0x03
     c06:	4c 83       	std	Y+4, r20	; 0x04

00000c08 <.Loc.4>:
    uint8_t LocalPattern;

    if (Number <= Segment_MaxNumber)
     c08:	8c 81       	ldd	r24, Y+4	; 0x04
     c0a:	8a 30       	cpi	r24, 0x0A	; 10
     c0c:	90 f4       	brcc	.+36     	; 0xc32 <.L5>

00000c0e <.Loc.5>:
    {
        LocalPattern = SSD_NumberPatterns[Number];
     c0e:	8c 81       	ldd	r24, Y+4	; 0x04
     c10:	88 2f       	mov	r24, r24
     c12:	90 e0       	ldi	r25, 0x00	; 0

00000c14 <.Loc.6>:
     c14:	80 5a       	subi	r24, 0xA0	; 160
     c16:	9f 4f       	sbci	r25, 0xFF	; 255
     c18:	fc 01       	movw	r30, r24
     c1a:	80 81       	ld	r24, Z
     c1c:	89 83       	std	Y+1, r24	; 0x01

00000c1e <.Loc.7>:

        if (SSDType == SSD_Anode)
     c1e:	8b 81       	ldd	r24, Y+3	; 0x03
     c20:	81 15       	cp	r24, r1
     c22:	19 f4       	brne	.+6      	; 0xc2a <.L4>

00000c24 <.Loc.8>:
        {
            /* Common-Anode: segments are active LOW -> invert the pattern */
            LocalPattern = (uint8_t)(~LocalPattern);
     c24:	89 81       	ldd	r24, Y+1	; 0x01
     c26:	80 95       	com	r24
     c28:	89 83       	std	Y+1, r24	; 0x01

00000c2a <.L4>:
        }

        /* ASSUMPTION: DIO_WriteGroup(Group,Value) exists in your
         * DIO_Interface.h as the whole-port counterpart of DIO_WritePin.
         */
        DIO_WriteGroup(SSDGroup, LocalPattern);
     c2a:	69 81       	ldd	r22, Y+1	; 0x01
     c2c:	8a 81       	ldd	r24, Y+2	; 0x02
     c2e:	0e 94 43 0b 	call	0x1686	; 0x1686 <DIO_WriteGroup>

00000c32 <.L5>:
    }
    else
    {
        /* Invalid digit (>9): no action (defensive branch) */
    }
}
     c32:	00 00       	nop
     c34:	0f 90       	pop	r0
     c36:	0f 90       	pop	r0
     c38:	0f 90       	pop	r0
     c3a:	0f 90       	pop	r0
     c3c:	df 91       	pop	r29
     c3e:	cf 91       	pop	r28
     c40:	08 95       	ret

00000c42 <SSD_Off>:

void SSD_Off(uint8_t SSDGroup, uint8_t SSDType)
{
     c42:	cf 93       	push	r28
     c44:	df 93       	push	r29
     c46:	00 d0       	rcall	.+0      	; 0xc48 <L0^A>

00000c48 <L0^A>:
     c48:	cd b7       	in	r28, 0x3d	; 61
     c4a:	de b7       	in	r29, 0x3e	; 62
     c4c:	89 83       	std	Y+1, r24	; 0x01
     c4e:	6a 83       	std	Y+2, r22	; 0x02

00000c50 <.Loc.12>:
    if (SSDType == SSD_Anode)
     c50:	8a 81       	ldd	r24, Y+2	; 0x02
     c52:	81 15       	cp	r24, r1
     c54:	29 f4       	brne	.+10     	; 0xc60 <.L7>

00000c56 <.Loc.13>:
    {
        DIO_WriteGroup(SSDGroup, DIO_Highfor1Group); /* all segments off (active LOW)  */
     c56:	6f ef       	ldi	r22, 0xFF	; 255
     c58:	89 81       	ldd	r24, Y+1	; 0x01
     c5a:	0e 94 43 0b 	call	0x1686	; 0x1686 <DIO_WriteGroup>

00000c5e <.Loc.14>:
    }
    else
    {
        DIO_WriteGroup(SSDGroup, DIO_Lowfor1Group); /* all segments off (active HIGH) */
    }
}
     c5e:	04 c0       	rjmp	.+8      	; 0xc68 <.L9>

00000c60 <.L7>:
        DIO_WriteGroup(SSDGroup, DIO_Lowfor1Group); /* all segments off (active HIGH) */
     c60:	60 e0       	ldi	r22, 0x00	; 0
     c62:	89 81       	ldd	r24, Y+1	; 0x01
     c64:	0e 94 43 0b 	call	0x1686	; 0x1686 <DIO_WriteGroup>

00000c68 <.L9>:
}
     c68:	00 00       	nop
     c6a:	0f 90       	pop	r0
     c6c:	0f 90       	pop	r0
     c6e:	df 91       	pop	r29
     c70:	cf 91       	pop	r28
     c72:	08 95       	ret

00000c74 <Timer0_1ms_Tick>:
static volatile uint8_t  Buzzer_IsOn     = 0U;    /* software-tracked state, since Buzzer_Toggle doesn't exist */
static volatile uint8_t  Button1_Prev    = PullUp_NotPressed;
static volatile uint8_t  Button2_Prev    = PullUp_NotPressed;

static void Timer0_1ms_Tick(void)
{
     c74:	cf 93       	push	r28
     c76:	df 93       	push	r29
     c78:	00 d0       	rcall	.+0      	; 0xc7a <L0^A>

00000c7a <L0^A>:
     c7a:	cd b7       	in	r28, 0x3d	; 61
     c7c:	de b7       	in	r29, 0x3e	; 62

00000c7e <.Loc.1>:
    Ms_Ticks++;
     c7e:	80 91 74 00 	lds	r24, 0x0074	; 0x800074 <Ms_Ticks>
     c82:	90 91 75 00 	lds	r25, 0x0075	; 0x800075 <Ms_Ticks+0x1>
     c86:	01 96       	adiw	r24, 0x01	; 1
     c88:	90 93 75 00 	sts	0x0075, r25	; 0x800075 <Ms_Ticks+0x1>
     c8c:	80 93 74 00 	sts	0x0074, r24	; 0x800074 <Ms_Ticks>

00000c90 <.Loc.2>:

    /* Task 1: LED toggle every 500 msec. "On" applies the current
     * brightness to the PWM channel, "off" drops it to 0.
     */
    if((Ms_Ticks % 500U) == 0U)
     c90:	40 91 74 00 	lds	r20, 0x0074	; 0x800074 <Ms_Ticks>
     c94:	50 91 75 00 	lds	r21, 0x0075	; 0x800075 <Ms_Ticks+0x1>
     c98:	ca 01       	movw	r24, r20
     c9a:	96 95       	lsr	r25
     c9c:	87 95       	ror	r24
     c9e:	96 95       	lsr	r25
     ca0:	87 95       	ror	r24
     ca2:	9c 01       	movw	r18, r24
     ca4:	a5 ec       	ldi	r26, 0xC5	; 197
     ca6:	b0 e2       	ldi	r27, 0x20	; 32
     ca8:	0e 94 88 14 	call	0x2910	; 0x2910 <__umulhisi3>
     cac:	92 95       	swap	r25
     cae:	82 95       	swap	r24
     cb0:	8f 70       	andi	r24, 0x0F	; 15
     cb2:	89 27       	eor	r24, r25
     cb4:	9f 70       	andi	r25, 0x0F	; 15
     cb6:	89 27       	eor	r24, r25
     cb8:	64 ef       	ldi	r22, 0xF4	; 244
     cba:	71 e0       	ldi	r23, 0x01	; 1
     cbc:	86 9f       	mul	r24, r22
     cbe:	90 01       	movw	r18, r0
     cc0:	87 9f       	mul	r24, r23
     cc2:	30 0d       	add	r19, r0
     cc4:	96 9f       	mul	r25, r22
     cc6:	30 0d       	add	r19, r0
     cc8:	11 24       	eor	r1, r1
     cca:	ca 01       	movw	r24, r20
     ccc:	82 1b       	sub	r24, r18
     cce:	93 0b       	sbc	r25, r19

00000cd0 <.Loc.3>:
     cd0:	00 97       	sbiw	r24, 0x00	; 0
     cd2:	b9 f4       	brne	.+46     	; 0xd02 <.L2>

00000cd4 <.Loc.4>:
    {
        Led_BlinkIsOn = (Led_BlinkIsOn == 1U) ? 0U : 1U;
     cd4:	90 91 6b 00 	lds	r25, 0x006B	; 0x80006b <Led_BlinkIsOn>
     cd8:	81 e0       	ldi	r24, 0x01	; 1
     cda:	91 30       	cpi	r25, 0x01	; 1
     cdc:	09 f4       	brne	.+2      	; 0xce0 <.L3>
     cde:	80 e0       	ldi	r24, 0x00	; 0

00000ce0 <.L3>:
     ce0:	80 93 6b 00 	sts	0x006B, r24	; 0x80006b <Led_BlinkIsOn>

00000ce4 <.Loc.6>:
        T1_SetCompareValue(T1_Channel_A, (Led_BlinkIsOn == 1U) ? Led_Brightness : 0U);
     ce4:	80 91 6b 00 	lds	r24, 0x006B	; 0x80006b <Led_BlinkIsOn>

00000ce8 <.Loc.7>:
     ce8:	81 30       	cpi	r24, 0x01	; 1
     cea:	29 f4       	brne	.+10     	; 0xcf6 <.L4>

00000cec <.Loc.8>:
     cec:	80 91 6a 00 	lds	r24, 0x006A	; 0x80006a <Led_Brightness>

00000cf0 <.Loc.9>:
     cf0:	88 2f       	mov	r24, r24
     cf2:	90 e0       	ldi	r25, 0x00	; 0
     cf4:	02 c0       	rjmp	.+4      	; 0xcfa <.L5>

00000cf6 <.L4>:
     cf6:	80 e0       	ldi	r24, 0x00	; 0
     cf8:	90 e0       	ldi	r25, 0x00	; 0

00000cfa <.L5>:
     cfa:	bc 01       	movw	r22, r24
     cfc:	80 e0       	ldi	r24, 0x00	; 0
     cfe:	0e 94 c7 0f 	call	0x1f8e	; 0x1f8e <T1_SetCompareValue>

00000d02 <.L2>:
    }

    /* Task 2: Buzzer toggle every 150 msec (Buzzer HAL has On/Off only,
     * so the on/off state is tracked here and applied explicitly).
     */
    if((Ms_Ticks % 150U) == 0U)
     d02:	40 91 74 00 	lds	r20, 0x0074	; 0x800074 <Ms_Ticks>
     d06:	50 91 75 00 	lds	r21, 0x0075	; 0x800075 <Ms_Ticks+0x1>
     d0a:	ca 01       	movw	r24, r20
     d0c:	96 95       	lsr	r25
     d0e:	87 95       	ror	r24
     d10:	9c 01       	movw	r18, r24
     d12:	a5 e7       	ldi	r26, 0x75	; 117
     d14:	ba ed       	ldi	r27, 0xDA	; 218
     d16:	0e 94 88 14 	call	0x2910	; 0x2910 <__umulhisi3>
     d1a:	00 24       	eor	r0, r0
     d1c:	88 0f       	add	r24, r24
     d1e:	99 1f       	adc	r25, r25
     d20:	00 1c       	adc	r0, r0
     d22:	88 0f       	add	r24, r24
     d24:	99 1f       	adc	r25, r25
     d26:	00 1c       	adc	r0, r0
     d28:	89 2f       	mov	r24, r25
     d2a:	90 2d       	mov	r25, r0
     d2c:	66 e9       	ldi	r22, 0x96	; 150
     d2e:	68 9f       	mul	r22, r24
     d30:	90 01       	movw	r18, r0
     d32:	69 9f       	mul	r22, r25
     d34:	30 0d       	add	r19, r0
     d36:	11 24       	eor	r1, r1
     d38:	ca 01       	movw	r24, r20
     d3a:	82 1b       	sub	r24, r18
     d3c:	93 0b       	sbc	r25, r19

00000d3e <.Loc.13>:
     d3e:	00 97       	sbiw	r24, 0x00	; 0
     d40:	a9 f4       	brne	.+42     	; 0xd6c <.L6>

00000d42 <.Loc.14>:
    {
        Buzzer_IsOn = (Buzzer_IsOn == 1U) ? 0U : 1U;
     d42:	90 91 77 00 	lds	r25, 0x0077	; 0x800077 <Buzzer_IsOn>
     d46:	81 e0       	ldi	r24, 0x01	; 1
     d48:	91 30       	cpi	r25, 0x01	; 1
     d4a:	09 f4       	brne	.+2      	; 0xd4e <.L7>
     d4c:	80 e0       	ldi	r24, 0x00	; 0

00000d4e <.L7>:
     d4e:	80 93 77 00 	sts	0x0077, r24	; 0x800077 <Buzzer_IsOn>

00000d52 <.Loc.16>:
        if(Buzzer_IsOn == 1U)
     d52:	80 91 77 00 	lds	r24, 0x0077	; 0x800077 <Buzzer_IsOn>

00000d56 <.Loc.17>:
     d56:	81 30       	cpi	r24, 0x01	; 1
     d58:	29 f4       	brne	.+10     	; 0xd64 <.L8>

00000d5a <.Loc.18>:
        {
            Buzzer_On(BUZZER_GROUP, BUZZER_PIN);
     d5a:	61 e0       	ldi	r22, 0x01	; 1
     d5c:	80 e0       	ldi	r24, 0x00	; 0
     d5e:	0e 94 ac 00 	call	0x158	; 0x158 <Buzzer_On>
     d62:	04 c0       	rjmp	.+8      	; 0xd6c <.L6>

00000d64 <.L8>:
        }
        else
        {
            Buzzer_Off(BUZZER_GROUP, BUZZER_PIN);
     d64:	61 e0       	ldi	r22, 0x01	; 1
     d66:	80 e0       	ldi	r24, 0x00	; 0
     d68:	0e 94 be 00 	call	0x17c	; 0x17c <Buzzer_Off>

00000d6c <.L6>:
        }
    }

    /* Task 3: 7-segment count-up every 1 sec */
    if((Ms_Ticks % 1000U) == 0U)
     d6c:	40 91 74 00 	lds	r20, 0x0074	; 0x800074 <Ms_Ticks>
     d70:	50 91 75 00 	lds	r21, 0x0075	; 0x800075 <Ms_Ticks+0x1>
     d74:	ca 01       	movw	r24, r20
     d76:	96 95       	lsr	r25
     d78:	87 95       	ror	r24
     d7a:	96 95       	lsr	r25
     d7c:	87 95       	ror	r24
     d7e:	96 95       	lsr	r25
     d80:	87 95       	ror	r24
     d82:	9c 01       	movw	r18, r24
     d84:	a5 ec       	ldi	r26, 0xC5	; 197
     d86:	b0 e2       	ldi	r27, 0x20	; 32
     d88:	0e 94 88 14 	call	0x2910	; 0x2910 <__umulhisi3>
     d8c:	92 95       	swap	r25
     d8e:	82 95       	swap	r24
     d90:	8f 70       	andi	r24, 0x0F	; 15
     d92:	89 27       	eor	r24, r25
     d94:	9f 70       	andi	r25, 0x0F	; 15
     d96:	89 27       	eor	r24, r25
     d98:	68 ee       	ldi	r22, 0xE8	; 232
     d9a:	73 e0       	ldi	r23, 0x03	; 3
     d9c:	86 9f       	mul	r24, r22
     d9e:	90 01       	movw	r18, r0
     da0:	87 9f       	mul	r24, r23
     da2:	30 0d       	add	r19, r0
     da4:	96 9f       	mul	r25, r22
     da6:	30 0d       	add	r19, r0
     da8:	11 24       	eor	r1, r1
     daa:	ca 01       	movw	r24, r20
     dac:	82 1b       	sub	r24, r18
     dae:	93 0b       	sbc	r25, r19

00000db0 <.Loc.21>:
     db0:	00 97       	sbiw	r24, 0x00	; 0
     db2:	49 f5       	brne	.+82     	; 0xe06 <.L9>

00000db4 <.Loc.22>:
    {
        Segment_Digit = (uint8_t)((Segment_Digit + 1U) % 10U);
     db4:	80 91 76 00 	lds	r24, 0x0076	; 0x800076 <Segment_Digit>
     db8:	88 2f       	mov	r24, r24
     dba:	90 e0       	ldi	r25, 0x00	; 0
     dbc:	ac 01       	movw	r20, r24
     dbe:	4f 5f       	subi	r20, 0xFF	; 255
     dc0:	5f 4f       	sbci	r21, 0xFF	; 255

00000dc2 <.Loc.23>:
     dc2:	9a 01       	movw	r18, r20
     dc4:	ad ec       	ldi	r26, 0xCD	; 205
     dc6:	bc ec       	ldi	r27, 0xCC	; 204
     dc8:	0e 94 88 14 	call	0x2910	; 0x2910 <__umulhisi3>
     dcc:	9c 01       	movw	r18, r24
     dce:	36 95       	lsr	r19
     dd0:	27 95       	ror	r18
     dd2:	36 95       	lsr	r19
     dd4:	27 95       	ror	r18
     dd6:	36 95       	lsr	r19
     dd8:	27 95       	ror	r18
     dda:	c9 01       	movw	r24, r18
     ddc:	88 0f       	add	r24, r24
     dde:	99 1f       	adc	r25, r25
     de0:	88 0f       	add	r24, r24
     de2:	99 1f       	adc	r25, r25
     de4:	82 0f       	add	r24, r18
     de6:	93 1f       	adc	r25, r19
     de8:	88 0f       	add	r24, r24
     dea:	99 1f       	adc	r25, r25
     dec:	9a 01       	movw	r18, r20
     dee:	28 1b       	sub	r18, r24
     df0:	39 0b       	sbc	r19, r25

00000df2 <.Loc.24>:
     df2:	82 2f       	mov	r24, r18

00000df4 <.Loc.25>:
     df4:	80 93 76 00 	sts	0x0076, r24	; 0x800076 <Segment_Digit>

00000df8 <.Loc.26>:
        SSD_DisplayNumber(SSD_GROUP, SSD_TYPE, Segment_Digit);
     df8:	80 91 76 00 	lds	r24, 0x0076	; 0x800076 <Segment_Digit>
     dfc:	48 2f       	mov	r20, r24
     dfe:	61 e0       	ldi	r22, 0x01	; 1
     e00:	81 e0       	ldi	r24, 0x01	; 1
     e02:	0e 94 fb 05 	call	0xbf6	; 0xbf6 <SSD_DisplayNumber>

00000e06 <.L9>:
    }

    /* Task 4 & 5: check both buttons every 200 msec */
    if((Ms_Ticks % 200U) == 0U)
     e06:	40 91 74 00 	lds	r20, 0x0074	; 0x800074 <Ms_Ticks>
     e0a:	50 91 75 00 	lds	r21, 0x0075	; 0x800075 <Ms_Ticks+0x1>
     e0e:	ca 01       	movw	r24, r20
     e10:	96 95       	lsr	r25
     e12:	87 95       	ror	r24
     e14:	96 95       	lsr	r25
     e16:	87 95       	ror	r24
     e18:	96 95       	lsr	r25
     e1a:	87 95       	ror	r24
     e1c:	9c 01       	movw	r18, r24
     e1e:	ab e7       	ldi	r26, 0x7B	; 123
     e20:	b4 e1       	ldi	r27, 0x14	; 20
     e22:	0e 94 88 14 	call	0x2910	; 0x2910 <__umulhisi3>
     e26:	96 95       	lsr	r25
     e28:	87 95       	ror	r24
     e2a:	68 ec       	ldi	r22, 0xC8	; 200
     e2c:	68 9f       	mul	r22, r24
     e2e:	90 01       	movw	r18, r0
     e30:	69 9f       	mul	r22, r25
     e32:	30 0d       	add	r19, r0
     e34:	11 24       	eor	r1, r1
     e36:	ca 01       	movw	r24, r20
     e38:	82 1b       	sub	r24, r18
     e3a:	93 0b       	sbc	r25, r19

00000e3c <.Loc.28>:
     e3c:	00 97       	sbiw	r24, 0x00	; 0
     e3e:	09 f0       	breq	.+2      	; 0xe42 <.LBB2>

00000e40 <L0^A>:
     e40:	51 c0       	rjmp	.+162    	; 0xee4 <.L10>

00000e42 <.LBB2>:
    {
        uint8_t Button1_Now = Btn_ReadState(BUTTON1_GROUP, BUTTON1_PIN, BTN_CONNECTION);
     e42:	40 e0       	ldi	r20, 0x00	; 0
     e44:	60 e0       	ldi	r22, 0x00	; 0
     e46:	82 e0       	ldi	r24, 0x02	; 2
     e48:	0e 94 72 00 	call	0xe4	; 0xe4 <Btn_ReadState>
     e4c:	89 83       	std	Y+1, r24	; 0x01

00000e4e <.Loc.30>:
        uint8_t Button2_Now = Btn_ReadState(BUTTON2_GROUP, BUTTON2_PIN, BTN_CONNECTION);
     e4e:	40 e0       	ldi	r20, 0x00	; 0
     e50:	61 e0       	ldi	r22, 0x01	; 1
     e52:	82 e0       	ldi	r24, 0x02	; 2
     e54:	0e 94 72 00 	call	0xe4	; 0xe4 <Btn_ReadState>
     e58:	8a 83       	std	Y+2, r24	; 0x02

00000e5a <.Loc.31>:

        /* Edge detection: act only on the moment of a fresh press,
         * not on every 200 msec scan while the button stays held.
         */
        if((Button1_Now == PullUp_Pressed) && (Button1_Prev == PullUp_NotPressed))
     e5a:	89 81       	ldd	r24, Y+1	; 0x01
     e5c:	81 15       	cp	r24, r1
     e5e:	e9 f4       	brne	.+58     	; 0xe9a <.L11>

00000e60 <.Loc.32>:
     e60:	80 91 6c 00 	lds	r24, 0x006C	; 0x80006c <Button1_Prev>

00000e64 <.Loc.33>:
     e64:	81 30       	cpi	r24, 0x01	; 1
     e66:	c9 f4       	brne	.+50     	; 0xe9a <.L11>

00000e68 <.Loc.34>:
        {
            if(Led_Brightness <= (uint8_t)(BRIGHTNESS_MAX - BRIGHTNESS_STEP))
     e68:	80 91 6a 00 	lds	r24, 0x006A	; 0x80006a <Led_Brightness>

00000e6c <.Loc.35>:
     e6c:	8f 3e       	cpi	r24, 0xEF	; 239
     e6e:	30 f4       	brcc	.+12     	; 0xe7c <.L12>

00000e70 <.Loc.36>:
            {
                Led_Brightness = (uint8_t)(Led_Brightness + BRIGHTNESS_STEP);
     e70:	80 91 6a 00 	lds	r24, 0x006A	; 0x80006a <Led_Brightness>
     e74:	8f 5e       	subi	r24, 0xEF	; 239

00000e76 <.Loc.37>:
     e76:	80 93 6a 00 	sts	0x006A, r24	; 0x80006a <Led_Brightness>
     e7a:	03 c0       	rjmp	.+6      	; 0xe82 <.L13>

00000e7c <.L12>:
            }
            else
            {
                Led_Brightness = BRIGHTNESS_MAX;
     e7c:	8f ef       	ldi	r24, 0xFF	; 255
     e7e:	80 93 6a 00 	sts	0x006A, r24	; 0x80006a <Led_Brightness>

00000e82 <.L13>:
            }

            if(Led_BlinkIsOn == 1U)
     e82:	80 91 6b 00 	lds	r24, 0x006B	; 0x80006b <Led_BlinkIsOn>

00000e86 <.Loc.40>:
     e86:	81 30       	cpi	r24, 0x01	; 1
     e88:	41 f4       	brne	.+16     	; 0xe9a <.L11>

00000e8a <.Loc.41>:
            {
                T1_SetCompareValue(T1_Channel_A, Led_Brightness); /* apply immediately if LED is currently on */
     e8a:	80 91 6a 00 	lds	r24, 0x006A	; 0x80006a <Led_Brightness>
     e8e:	88 2f       	mov	r24, r24
     e90:	90 e0       	ldi	r25, 0x00	; 0
     e92:	bc 01       	movw	r22, r24
     e94:	80 e0       	ldi	r24, 0x00	; 0
     e96:	0e 94 c7 0f 	call	0x1f8e	; 0x1f8e <T1_SetCompareValue>

00000e9a <.L11>:
            }
        }

        if((Button2_Now == PullUp_Pressed) && (Button2_Prev == PullUp_NotPressed))
     e9a:	8a 81       	ldd	r24, Y+2	; 0x02
     e9c:	81 15       	cp	r24, r1
     e9e:	e1 f4       	brne	.+56     	; 0xed8 <.L14>

00000ea0 <.Loc.43>:
     ea0:	80 91 6d 00 	lds	r24, 0x006D	; 0x80006d <Button2_Prev>

00000ea4 <.Loc.44>:
     ea4:	81 30       	cpi	r24, 0x01	; 1
     ea6:	c1 f4       	brne	.+48     	; 0xed8 <.L14>

00000ea8 <.Loc.45>:
        {
            if(Led_Brightness >= BRIGHTNESS_STEP)
     ea8:	80 91 6a 00 	lds	r24, 0x006A	; 0x80006a <Led_Brightness>

00000eac <.Loc.46>:
     eac:	81 31       	cpi	r24, 0x11	; 17
     eae:	30 f0       	brcs	.+12     	; 0xebc <.L15>

00000eb0 <.Loc.47>:
            {
                Led_Brightness = (uint8_t)(Led_Brightness - BRIGHTNESS_STEP);
     eb0:	80 91 6a 00 	lds	r24, 0x006A	; 0x80006a <Led_Brightness>
     eb4:	81 51       	subi	r24, 0x11	; 17

00000eb6 <.Loc.48>:
     eb6:	80 93 6a 00 	sts	0x006A, r24	; 0x80006a <Led_Brightness>
     eba:	02 c0       	rjmp	.+4      	; 0xec0 <.L16>

00000ebc <.L15>:
            }
            else
            {
                Led_Brightness = BRIGHTNESS_MIN;
     ebc:	10 92 6a 00 	sts	0x006A, r1	; 0x80006a <Led_Brightness>

00000ec0 <.L16>:
            }

            if(Led_BlinkIsOn == 1U)
     ec0:	80 91 6b 00 	lds	r24, 0x006B	; 0x80006b <Led_BlinkIsOn>

00000ec4 <.Loc.51>:
     ec4:	81 30       	cpi	r24, 0x01	; 1
     ec6:	41 f4       	brne	.+16     	; 0xed8 <.L14>

00000ec8 <.Loc.52>:
            {
                T1_SetCompareValue(T1_Channel_A, Led_Brightness);
     ec8:	80 91 6a 00 	lds	r24, 0x006A	; 0x80006a <Led_Brightness>
     ecc:	88 2f       	mov	r24, r24
     ece:	90 e0       	ldi	r25, 0x00	; 0
     ed0:	bc 01       	movw	r22, r24
     ed2:	80 e0       	ldi	r24, 0x00	; 0
     ed4:	0e 94 c7 0f 	call	0x1f8e	; 0x1f8e <T1_SetCompareValue>

00000ed8 <.L14>:
            }
        }

        Button1_Prev = Button1_Now;
     ed8:	89 81       	ldd	r24, Y+1	; 0x01
     eda:	80 93 6c 00 	sts	0x006C, r24	; 0x80006c <Button1_Prev>

00000ede <.Loc.54>:
        Button2_Prev = Button2_Now;
     ede:	8a 81       	ldd	r24, Y+2	; 0x02
     ee0:	80 93 6d 00 	sts	0x006D, r24	; 0x80006d <Button2_Prev>

00000ee4 <.L10>:
    }

    if(Ms_Ticks >= 3000U) /* LCM(500,150,1000,200) = 3000 -> keep counter small */
     ee4:	80 91 74 00 	lds	r24, 0x0074	; 0x800074 <Ms_Ticks>
     ee8:	90 91 75 00 	lds	r25, 0x0075	; 0x800075 <Ms_Ticks+0x1>

00000eec <.Loc.56>:
     eec:	88 3b       	cpi	r24, 0xB8	; 184
     eee:	2b e0       	ldi	r18, 0x0B	; 11
     ef0:	92 07       	cpc	r25, r18
     ef2:	20 f0       	brcs	.+8      	; 0xefc <.L18>

00000ef4 <.Loc.57>:
    {
        Ms_Ticks = 0U;
     ef4:	10 92 75 00 	sts	0x0075, r1	; 0x800075 <Ms_Ticks+0x1>
     ef8:	10 92 74 00 	sts	0x0074, r1	; 0x800074 <Ms_Ticks>

00000efc <.L18>:
    }
}
     efc:	00 00       	nop
     efe:	0f 90       	pop	r0
     f00:	0f 90       	pop	r0
     f02:	df 91       	pop	r29
     f04:	cf 91       	pop	r28
     f06:	08 95       	ret

00000f08 <main>:

int main(void)
{
     f08:	cf 93       	push	r28
     f0a:	df 93       	push	r29
     f0c:	00 d0       	rcall	.+0      	; 0xf0e <L0^A>

00000f0e <L0^A>:
     f0e:	00 d0       	rcall	.+0      	; 0xf10 <L0^A>

00000f10 <L0^A>:
     f10:	00 d0       	rcall	.+0      	; 0xf12 <L0^A>

00000f12 <L0^A>:
     f12:	cd b7       	in	r28, 0x3d	; 61
     f14:	de b7       	in	r29, 0x3e	; 62

00000f16 <.Loc.60>:
    /* ---- HAL init ---- */
    Buzzer_Init(BUZZER_GROUP, BUZZER_PIN);
     f16:	61 e0       	ldi	r22, 0x01	; 1
     f18:	80 e0       	ldi	r24, 0x00	; 0
     f1a:	0e 94 95 00 	call	0x12a	; 0x12a <Buzzer_Init>

00000f1e <.Loc.61>:

    SSD_Init(SSD_GROUP);
     f1e:	81 e0       	ldi	r24, 0x01	; 1
     f20:	0e 94 ec 05 	call	0xbd8	; 0xbd8 <SSD_Init>

00000f24 <.Loc.62>:
    SSD_DisplayNumber(SSD_GROUP, SSD_TYPE, Segment_Digit);
     f24:	80 91 76 00 	lds	r24, 0x0076	; 0x800076 <Segment_Digit>
     f28:	48 2f       	mov	r20, r24
     f2a:	61 e0       	ldi	r22, 0x01	; 1
     f2c:	81 e0       	ldi	r24, 0x01	; 1
     f2e:	0e 94 fb 05 	call	0xbf6	; 0xbf6 <SSD_DisplayNumber>

00000f32 <.Loc.63>:

    Btn_Init(BUTTON1_GROUP, BUTTON1_PIN, BTN_CONNECTION);
     f32:	40 e0       	ldi	r20, 0x00	; 0
     f34:	60 e0       	ldi	r22, 0x00	; 0
     f36:	82 e0       	ldi	r24, 0x02	; 2
     f38:	0e 94 49 00 	call	0x92	; 0x92 <Btn_Init>

00000f3c <.Loc.64>:
    Btn_Init(BUTTON2_GROUP, BUTTON2_PIN, BTN_CONNECTION);
     f3c:	40 e0       	ldi	r20, 0x00	; 0
     f3e:	61 e0       	ldi	r22, 0x01	; 1
     f40:	82 e0       	ldi	r24, 0x02	; 2
     f42:	0e 94 49 00 	call	0x92	; 0x92 <Btn_Init>

00000f46 <.Loc.65>:

    /* ---- Timer0: 1ms base tick, CTC mode -- drives all 5 tasks above ---- */
    T0_Config_t Timer0_Cfg =
     f46:	26 e0       	ldi	r18, 0x06	; 6
     f48:	ee e6       	ldi	r30, 0x6E	; 110
     f4a:	f0 e0       	ldi	r31, 0x00	; 0
     f4c:	ce 01       	movw	r24, r28
     f4e:	01 96       	adiw	r24, 0x01	; 1
     f50:	dc 01       	movw	r26, r24

00000f52 <.L0^B1>:
     f52:	01 90       	ld	r0, Z+
     f54:	0d 92       	st	X+, r0
     f56:	2a 95       	dec	r18
     f58:	e1 f7       	brne	.-8      	; 0xf52 <.L0^B1>

00000f5a <.Loc.66>:
        .OC0Mode       = T0_OC0_Disconnected,
        .OVFInterrupt  = T0_InterruptDisable,
        .CompInterrupt = T0_InterruptEnable,
        .CompareValue  = T0_OCR_1MS
    };
    T0_Init(&Timer0_Cfg);
     f5a:	ce 01       	movw	r24, r28
     f5c:	01 96       	adiw	r24, 0x01	; 1
     f5e:	0e 94 8c 0d 	call	0x1b18	; 0x1b18 <T0_Init>

00000f62 <.Loc.67>:
    T0_SetCompareCallBack(Timer0_1ms_Tick);
     f62:	8a e3       	ldi	r24, 0x3A	; 58
     f64:	96 e0       	ldi	r25, 0x06	; 6
     f66:	0e 94 39 0e 	call	0x1c72	; 0x1c72 <T0_SetCompareCallBack>

00000f6a <.Loc.68>:

    /* ---- Timer1: Fast PWM 8-bit on OC1A for LED brightness ----
     * T1_Init() only configures WGM/prescaler/registers -- it does NOT
     * set the OC1A pin (PD5) direction, so that must be done manually.
     */
    DIO_DirectionSelectforPin(LED_PWM_GROUP, LED_PWM_PIN, DIO_Outputfor1Pin);
     f6a:	41 e0       	ldi	r20, 0x01	; 1
     f6c:	65 e0       	ldi	r22, 0x05	; 5
     f6e:	83 e0       	ldi	r24, 0x03	; 3
     f70:	0e 94 fa 08 	call	0x11f4	; 0x11f4 <DIO_DirectionSelectforPin>

00000f74 <.Loc.69>:

    T1_Init(T1_FastPWM_8bit, T1_Prescaler_8);
     f74:	62 e0       	ldi	r22, 0x02	; 2
     f76:	85 e0       	ldi	r24, 0x05	; 5
     f78:	0e 94 b6 0e 	call	0x1d6c	; 0x1d6c <T1_Init>

00000f7c <.Loc.70>:
    T1_SetCompareOutputMode(T1_Channel_A, T1_OC_NonInverting);
     f7c:	62 e0       	ldi	r22, 0x02	; 2
     f7e:	80 e0       	ldi	r24, 0x00	; 0
     f80:	0e 94 1b 10 	call	0x2036	; 0x2036 <T1_SetCompareOutputMode>

00000f84 <.Loc.71>:
    T1_SetCompareValue(T1_Channel_A, Led_Brightness); /* start already lit at the default brightness */
     f84:	80 91 6a 00 	lds	r24, 0x006A	; 0x80006a <Led_Brightness>
     f88:	88 2f       	mov	r24, r24
     f8a:	90 e0       	ldi	r25, 0x00	; 0
     f8c:	bc 01       	movw	r22, r24
     f8e:	80 e0       	ldi	r24, 0x00	; 0
     f90:	0e 94 c7 0f 	call	0x1f8e	; 0x1f8e <T1_SetCompareValue>

00000f94 <.Loc.72>:

    GIE_Enable();
     f94:	0e 94 6a 0d 	call	0x1ad4	; 0x1ad4 <GIE_Enable>

00000f98 <.L20>:

    while(1)
     f98:	00 00       	nop
     f9a:	fe cf       	rjmp	.-4      	; 0xf98 <.L20>

00000f9c <ADC_Init>:

// Reg =(Reg &~Mask)|Value
// 76543210
// 00001000
void ADC_Init(const ADC_Config_t * Config)
{
     f9c:	cf 93       	push	r28
     f9e:	df 93       	push	r29
     fa0:	00 d0       	rcall	.+0      	; 0xfa2 <L0^A>

00000fa2 <L0^A>:
     fa2:	cd b7       	in	r28, 0x3d	; 61
     fa4:	de b7       	in	r29, 0x3e	; 62
     fa6:	9a 83       	std	Y+2, r25	; 0x02
     fa8:	89 83       	std	Y+1, r24	; 0x01

00000faa <.Loc.1>:
    if(Config!=NULL)
     faa:	89 81       	ldd	r24, Y+1	; 0x01
     fac:	9a 81       	ldd	r25, Y+2	; 0x02
     fae:	00 97       	sbiw	r24, 0x00	; 0
     fb0:	09 f4       	brne	.+2      	; 0xfb4 <.Loc.2>

00000fb2 <L0^A>:
     fb2:	81 c0       	rjmp	.+258    	; 0x10b6 <.L5>

00000fb4 <.Loc.2>:
    {
        // 1- Confiure Voltage reference 6 ,7 
        ADMUX_Reg = (ADMUX_Reg&~ADMUX_VrefMask)|(Config->Vref);
     fb4:	87 e2       	ldi	r24, 0x27	; 39
     fb6:	90 e0       	ldi	r25, 0x00	; 0
     fb8:	fc 01       	movw	r30, r24
     fba:	80 81       	ld	r24, Z

00000fbc <.Loc.3>:
     fbc:	28 2f       	mov	r18, r24
     fbe:	2f 73       	andi	r18, 0x3F	; 63

00000fc0 <.Loc.4>:
     fc0:	89 81       	ldd	r24, Y+1	; 0x01
     fc2:	9a 81       	ldd	r25, Y+2	; 0x02
     fc4:	fc 01       	movw	r30, r24
     fc6:	80 81       	ld	r24, Z
     fc8:	91 81       	ldd	r25, Z+1	; 0x01

00000fca <.Loc.5>:
     fca:	38 2f       	mov	r19, r24

00000fcc <.Loc.6>:
     fcc:	87 e2       	ldi	r24, 0x27	; 39
     fce:	90 e0       	ldi	r25, 0x00	; 0

00000fd0 <.Loc.7>:
     fd0:	23 2b       	or	r18, r19

00000fd2 <.Loc.8>:
     fd2:	fc 01       	movw	r30, r24
     fd4:	20 83       	st	Z, r18

00000fd6 <.Loc.9>:
        // 2- Configure Adjust
        ADMUX_Reg = (ADMUX_Reg&~ADMUX_AdjustMask)|(Config->Adjust);
     fd6:	87 e2       	ldi	r24, 0x27	; 39
     fd8:	90 e0       	ldi	r25, 0x00	; 0
     fda:	fc 01       	movw	r30, r24
     fdc:	80 81       	ld	r24, Z

00000fde <.Loc.10>:
     fde:	28 2f       	mov	r18, r24
     fe0:	2f 7d       	andi	r18, 0xDF	; 223

00000fe2 <.Loc.11>:
     fe2:	89 81       	ldd	r24, Y+1	; 0x01
     fe4:	9a 81       	ldd	r25, Y+2	; 0x02
     fe6:	fc 01       	movw	r30, r24
     fe8:	82 81       	ldd	r24, Z+2	; 0x02
     fea:	93 81       	ldd	r25, Z+3	; 0x03

00000fec <.Loc.12>:
     fec:	38 2f       	mov	r19, r24

00000fee <.Loc.13>:
     fee:	87 e2       	ldi	r24, 0x27	; 39
     ff0:	90 e0       	ldi	r25, 0x00	; 0

00000ff2 <.Loc.14>:
     ff2:	23 2b       	or	r18, r19

00000ff4 <.Loc.15>:
     ff4:	fc 01       	movw	r30, r24
     ff6:	20 83       	st	Z, r18

00000ff8 <.Loc.16>:
        // 3- Configure Clock Select 
        ADCSRA_Reg = (ADCSRA_Reg&~ADCSRA_PrescallerMask)|(Config->Prescaler);
     ff8:	86 e2       	ldi	r24, 0x26	; 38
     ffa:	90 e0       	ldi	r25, 0x00	; 0
     ffc:	fc 01       	movw	r30, r24
     ffe:	80 81       	ld	r24, Z

00001000 <.Loc.17>:
    1000:	28 2f       	mov	r18, r24
    1002:	28 7f       	andi	r18, 0xF8	; 248

00001004 <.Loc.18>:
    1004:	89 81       	ldd	r24, Y+1	; 0x01
    1006:	9a 81       	ldd	r25, Y+2	; 0x02
    1008:	fc 01       	movw	r30, r24
    100a:	84 81       	ldd	r24, Z+4	; 0x04
    100c:	95 81       	ldd	r25, Z+5	; 0x05

0000100e <.Loc.19>:
    100e:	38 2f       	mov	r19, r24

00001010 <.Loc.20>:
    1010:	86 e2       	ldi	r24, 0x26	; 38
    1012:	90 e0       	ldi	r25, 0x00	; 0

00001014 <.Loc.21>:
    1014:	23 2b       	or	r18, r19

00001016 <.Loc.22>:
    1016:	fc 01       	movw	r30, r24
    1018:	20 83       	st	Z, r18

0000101a <.Loc.23>:
        // 4- Configure AutoMode 
        if(Config->Mode==ADC_AutoConversionMode)
    101a:	89 81       	ldd	r24, Y+1	; 0x01
    101c:	9a 81       	ldd	r25, Y+2	; 0x02
    101e:	fc 01       	movw	r30, r24
    1020:	86 81       	ldd	r24, Z+6	; 0x06
    1022:	97 81       	ldd	r25, Z+7	; 0x07

00001024 <.Loc.24>:
    1024:	80 32       	cpi	r24, 0x20	; 32
    1026:	91 05       	cpc	r25, r1
    1028:	d9 f4       	brne	.+54     	; 0x1060 <.L3>

0000102a <.Loc.25>:
        {
            SetBit(ADCSRA_Reg,Bit_ADATE);
    102a:	86 e2       	ldi	r24, 0x26	; 38
    102c:	90 e0       	ldi	r25, 0x00	; 0
    102e:	fc 01       	movw	r30, r24
    1030:	20 81       	ld	r18, Z
    1032:	86 e2       	ldi	r24, 0x26	; 38
    1034:	90 e0       	ldi	r25, 0x00	; 0
    1036:	20 62       	ori	r18, 0x20	; 32
    1038:	fc 01       	movw	r30, r24
    103a:	20 83       	st	Z, r18

0000103c <.Loc.26>:
            // 4.1 - Configure Trigger Source 
            SFIOR_Reg = (SFIOR_Reg&~SFIOR_TriggerSourceMask)|(Config->TriggerSource);
    103c:	80 e5       	ldi	r24, 0x50	; 80
    103e:	90 e0       	ldi	r25, 0x00	; 0
    1040:	fc 01       	movw	r30, r24
    1042:	80 81       	ld	r24, Z

00001044 <.Loc.27>:
    1044:	28 2f       	mov	r18, r24
    1046:	2f 71       	andi	r18, 0x1F	; 31

00001048 <.Loc.28>:
    1048:	89 81       	ldd	r24, Y+1	; 0x01
    104a:	9a 81       	ldd	r25, Y+2	; 0x02
    104c:	fc 01       	movw	r30, r24
    104e:	80 85       	ldd	r24, Z+8	; 0x08
    1050:	91 85       	ldd	r25, Z+9	; 0x09

00001052 <.Loc.29>:
    1052:	38 2f       	mov	r19, r24

00001054 <.Loc.30>:
    1054:	80 e5       	ldi	r24, 0x50	; 80
    1056:	90 e0       	ldi	r25, 0x00	; 0

00001058 <.Loc.31>:
    1058:	23 2b       	or	r18, r19

0000105a <.Loc.32>:
    105a:	fc 01       	movw	r30, r24
    105c:	20 83       	st	Z, r18
    105e:	09 c0       	rjmp	.+18     	; 0x1072 <.L4>

00001060 <.L3>:
        }
        else 
        {
            ClearBit(ADCSRA_Reg,Bit_ADATE);
    1060:	86 e2       	ldi	r24, 0x26	; 38
    1062:	90 e0       	ldi	r25, 0x00	; 0
    1064:	fc 01       	movw	r30, r24
    1066:	20 81       	ld	r18, Z
    1068:	86 e2       	ldi	r24, 0x26	; 38
    106a:	90 e0       	ldi	r25, 0x00	; 0
    106c:	2f 7d       	andi	r18, 0xDF	; 223
    106e:	fc 01       	movw	r30, r24
    1070:	20 83       	st	Z, r18

00001072 <.L4>:
        }
        // 6- Interrupt State 
        ADCSRA_Reg = (ADCSRA_Reg&~ADCSRA_InterruptMask)|(Config->Interrupt);
    1072:	86 e2       	ldi	r24, 0x26	; 38
    1074:	90 e0       	ldi	r25, 0x00	; 0
    1076:	fc 01       	movw	r30, r24
    1078:	80 81       	ld	r24, Z

0000107a <.Loc.35>:
    107a:	28 2f       	mov	r18, r24
    107c:	27 7f       	andi	r18, 0xF7	; 247

0000107e <.Loc.36>:
    107e:	89 81       	ldd	r24, Y+1	; 0x01
    1080:	9a 81       	ldd	r25, Y+2	; 0x02
    1082:	fc 01       	movw	r30, r24
    1084:	82 85       	ldd	r24, Z+10	; 0x0a
    1086:	93 85       	ldd	r25, Z+11	; 0x0b

00001088 <.Loc.37>:
    1088:	38 2f       	mov	r19, r24

0000108a <.Loc.38>:
    108a:	86 e2       	ldi	r24, 0x26	; 38
    108c:	90 e0       	ldi	r25, 0x00	; 0

0000108e <.Loc.39>:
    108e:	23 2b       	or	r18, r19

00001090 <.Loc.40>:
    1090:	fc 01       	movw	r30, r24
    1092:	20 83       	st	Z, r18

00001094 <.Loc.41>:
        // 7- Enable 
        ADCSRA_Reg = (ADCSRA_Reg&~ADCSRA_StateMask)|(Config->State);
    1094:	86 e2       	ldi	r24, 0x26	; 38
    1096:	90 e0       	ldi	r25, 0x00	; 0
    1098:	fc 01       	movw	r30, r24
    109a:	80 81       	ld	r24, Z

0000109c <.Loc.42>:
    109c:	28 2f       	mov	r18, r24
    109e:	2f 77       	andi	r18, 0x7F	; 127

000010a0 <.Loc.43>:
    10a0:	89 81       	ldd	r24, Y+1	; 0x01
    10a2:	9a 81       	ldd	r25, Y+2	; 0x02
    10a4:	fc 01       	movw	r30, r24
    10a6:	84 85       	ldd	r24, Z+12	; 0x0c
    10a8:	95 85       	ldd	r25, Z+13	; 0x0d

000010aa <.Loc.44>:
    10aa:	38 2f       	mov	r19, r24

000010ac <.Loc.45>:
    10ac:	86 e2       	ldi	r24, 0x26	; 38
    10ae:	90 e0       	ldi	r25, 0x00	; 0

000010b0 <.Loc.46>:
    10b0:	23 2b       	or	r18, r19

000010b2 <.Loc.47>:
    10b2:	fc 01       	movw	r30, r24
    10b4:	20 83       	st	Z, r18

000010b6 <.L5>:
    }
}
    10b6:	00 00       	nop
    10b8:	0f 90       	pop	r0
    10ba:	0f 90       	pop	r0
    10bc:	df 91       	pop	r29
    10be:	cf 91       	pop	r28
    10c0:	08 95       	ret

000010c2 <ADC_ReadChannelPolling>:
#define ADMUX_ChannelMask  0x1F
uint16_t ADC_ReadChannelPolling(uint8_t ADC_Channel)
{
    10c2:	cf 93       	push	r28
    10c4:	df 93       	push	r29
    10c6:	00 d0       	rcall	.+0      	; 0x10c8 <L0^A>

000010c8 <L0^A>:
    10c8:	0f 92       	push	r0
    10ca:	cd b7       	in	r28, 0x3d	; 61
    10cc:	de b7       	in	r29, 0x3e	; 62
    10ce:	8b 83       	std	Y+3, r24	; 0x03

000010d0 <.Loc.50>:
    // 76543210
    // 00011111
    uint16_t DigitalVolt = 0 ;
    10d0:	1a 82       	std	Y+2, r1	; 0x02
    10d2:	19 82       	std	Y+1, r1	; 0x01

000010d4 <.Loc.51>:
    // 1- Update Channel 
    ADMUX_Reg = (ADMUX_Reg&~ADMUX_ChannelMask)|(ADC_Channel&~0b11100000);
    10d4:	87 e2       	ldi	r24, 0x27	; 39
    10d6:	90 e0       	ldi	r25, 0x00	; 0
    10d8:	fc 01       	movw	r30, r24
    10da:	80 81       	ld	r24, Z

000010dc <.Loc.52>:
    10dc:	98 2f       	mov	r25, r24
    10de:	90 7e       	andi	r25, 0xE0	; 224

000010e0 <.Loc.53>:
    10e0:	8b 81       	ldd	r24, Y+3	; 0x03
    10e2:	8f 71       	andi	r24, 0x1F	; 31

000010e4 <.Loc.54>:
    10e4:	29 2f       	mov	r18, r25
    10e6:	28 2b       	or	r18, r24

000010e8 <.Loc.55>:
    10e8:	87 e2       	ldi	r24, 0x27	; 39
    10ea:	90 e0       	ldi	r25, 0x00	; 0

000010ec <.Loc.56>:
    10ec:	fc 01       	movw	r30, r24
    10ee:	20 83       	st	Z, r18

000010f0 <.Loc.57>:
    // 2- Start Conversion -> 
    SetBit(ADCSRA_Reg,Bit_ADSC);
    10f0:	86 e2       	ldi	r24, 0x26	; 38
    10f2:	90 e0       	ldi	r25, 0x00	; 0
    10f4:	fc 01       	movw	r30, r24
    10f6:	20 81       	ld	r18, Z
    10f8:	86 e2       	ldi	r24, 0x26	; 38
    10fa:	90 e0       	ldi	r25, 0x00	; 0
    10fc:	20 64       	ori	r18, 0x40	; 64
    10fe:	fc 01       	movw	r30, r24
    1100:	20 83       	st	Z, r18

00001102 <.Loc.58>:
	...

00001104 <.Loc.59>:
    // 3- wait for the Conversion to complete (Pollingon Flag on )
    while(ReadBit(ADCSRA_Reg,Bit_ADIF)== 0)
    1104:	86 e2       	ldi	r24, 0x26	; 38
    1106:	90 e0       	ldi	r25, 0x00	; 0
    1108:	fc 01       	movw	r30, r24
    110a:	80 81       	ld	r24, Z

0000110c <.Loc.60>:
    {
        // waiting 
    }
    // 4- Clear Manual for Flag 
    SetBit(ADCSRA_Reg,Bit_ADIF);
    110c:	86 e2       	ldi	r24, 0x26	; 38
    110e:	90 e0       	ldi	r25, 0x00	; 0
    1110:	fc 01       	movw	r30, r24
    1112:	20 81       	ld	r18, Z
    1114:	86 e2       	ldi	r24, 0x26	; 38
    1116:	90 e0       	ldi	r25, 0x00	; 0
    1118:	20 61       	ori	r18, 0x10	; 16
    111a:	fc 01       	movw	r30, r24
    111c:	20 83       	st	Z, r18

0000111e <.Loc.61>:
    // 5- Read Result Check Adjust
    if(ReadBit(ADMUX_Reg,Bit_ADLAR)==ADC_LeftAdjust)
    111e:	87 e2       	ldi	r24, 0x27	; 39
    1120:	90 e0       	ldi	r25, 0x00	; 0
    1122:	fc 01       	movw	r30, r24
    1124:	80 81       	ld	r24, Z

00001126 <.Loc.62>:
    {
        DigitalVolt = (ADCL_Reg>>6)|(ADCH_Reg<<2); // @todo Search 
    }
    else 
    {
        DigitalVolt = ADCData_Reg;
    1126:	84 e2       	ldi	r24, 0x24	; 36
    1128:	90 e0       	ldi	r25, 0x00	; 0

0000112a <.Loc.63>:
    112a:	fc 01       	movw	r30, r24
    112c:	80 81       	ld	r24, Z
    112e:	91 81       	ldd	r25, Z+1	; 0x01
    1130:	9a 83       	std	Y+2, r25	; 0x02
    1132:	89 83       	std	Y+1, r24	; 0x01

00001134 <.Loc.64>:
    }
        return DigitalVolt;
    1134:	89 81       	ldd	r24, Y+1	; 0x01
    1136:	9a 81       	ldd	r25, Y+2	; 0x02

00001138 <.Loc.65>:
}
    1138:	0f 90       	pop	r0
    113a:	0f 90       	pop	r0
    113c:	0f 90       	pop	r0
    113e:	df 91       	pop	r29
    1140:	cf 91       	pop	r28
    1142:	08 95       	ret

00001144 <ADC_StartConversionInterrupt>:

void ADC_StartConversionInterrupt(uint8_t ADC_Channel)
{
    1144:	cf 93       	push	r28
    1146:	df 93       	push	r29
    1148:	0f 92       	push	r0
    114a:	cd b7       	in	r28, 0x3d	; 61
    114c:	de b7       	in	r29, 0x3e	; 62
    114e:	89 83       	std	Y+1, r24	; 0x01

00001150 <.Loc.67>:
    ADMUX_Reg = (ADMUX_Reg&~ADMUX_ChannelMask)|(ADC_Channel&~0b11100000);
    1150:	87 e2       	ldi	r24, 0x27	; 39
    1152:	90 e0       	ldi	r25, 0x00	; 0
    1154:	fc 01       	movw	r30, r24
    1156:	80 81       	ld	r24, Z

00001158 <.Loc.68>:
    1158:	98 2f       	mov	r25, r24
    115a:	90 7e       	andi	r25, 0xE0	; 224

0000115c <.Loc.69>:
    115c:	89 81       	ldd	r24, Y+1	; 0x01
    115e:	8f 71       	andi	r24, 0x1F	; 31

00001160 <.Loc.70>:
    1160:	29 2f       	mov	r18, r25
    1162:	28 2b       	or	r18, r24

00001164 <.Loc.71>:
    1164:	87 e2       	ldi	r24, 0x27	; 39
    1166:	90 e0       	ldi	r25, 0x00	; 0

00001168 <.Loc.72>:
    1168:	fc 01       	movw	r30, r24
    116a:	20 83       	st	Z, r18

0000116c <.Loc.73>:
    SetBit(ADCSRA_Reg,Bit_ADSC);
    116c:	86 e2       	ldi	r24, 0x26	; 38
    116e:	90 e0       	ldi	r25, 0x00	; 0
    1170:	fc 01       	movw	r30, r24
    1172:	20 81       	ld	r18, Z
    1174:	86 e2       	ldi	r24, 0x26	; 38
    1176:	90 e0       	ldi	r25, 0x00	; 0
    1178:	20 64       	ori	r18, 0x40	; 64
    117a:	fc 01       	movw	r30, r24
    117c:	20 83       	st	Z, r18

0000117e <.Loc.74>:
}
    117e:	00 00       	nop
    1180:	0f 90       	pop	r0
    1182:	df 91       	pop	r29
    1184:	cf 91       	pop	r28
    1186:	08 95       	ret

00001188 <ADC_SetCallBack>:

/**/
void ADC_SetCallBack(void(*PF)(uint16_t ADCResult))
{
    1188:	cf 93       	push	r28
    118a:	df 93       	push	r29
    118c:	00 d0       	rcall	.+0      	; 0x118e <L0^A>

0000118e <L0^A>:
    118e:	cd b7       	in	r28, 0x3d	; 61
    1190:	de b7       	in	r29, 0x3e	; 62
    1192:	9a 83       	std	Y+2, r25	; 0x02
    1194:	89 83       	std	Y+1, r24	; 0x01

00001196 <.Loc.76>:
    /*@todo*/
}
    1196:	00 00       	nop
    1198:	0f 90       	pop	r0
    119a:	0f 90       	pop	r0
    119c:	df 91       	pop	r29
    119e:	cf 91       	pop	r28
    11a0:	08 95       	ret

000011a2 <__vector_16>:

void __vector_16()
{
    11a2:	1f 92       	push	r1
    11a4:	0f 92       	push	r0
    11a6:	0f b6       	in	r0, 0x3f	; 63
    11a8:	0f 92       	push	r0
    11aa:	11 24       	eor	r1, r1
    11ac:	8f 93       	push	r24
    11ae:	9f 93       	push	r25
    11b0:	ef 93       	push	r30
    11b2:	ff 93       	push	r31
    11b4:	cf 93       	push	r28
    11b6:	df 93       	push	r29
    11b8:	00 d0       	rcall	.+0      	; 0x11ba <L0^A>

000011ba <L0^A>:
    11ba:	cd b7       	in	r28, 0x3d	; 61
    11bc:	de b7       	in	r29, 0x3e	; 62

000011be <.Loc.78>:
    uint16_t Digitalvolt=0;
    11be:	1a 82       	std	Y+2, r1	; 0x02
    11c0:	19 82       	std	Y+1, r1	; 0x01

000011c2 <.Loc.79>:
    if(ReadBit(ADMUX_Reg,Bit_ADLAR)==ADC_LeftAdjust)
    11c2:	87 e2       	ldi	r24, 0x27	; 39
    11c4:	90 e0       	ldi	r25, 0x00	; 0
    11c6:	fc 01       	movw	r30, r24
    11c8:	80 81       	ld	r24, Z

000011ca <.Loc.80>:
    {
        Digitalvolt = (ADCL_Reg>>6)|(ADCH_Reg<<2);
    }
    else 
    {
        Digitalvolt= ADCData_Reg;
    11ca:	84 e2       	ldi	r24, 0x24	; 36
    11cc:	90 e0       	ldi	r25, 0x00	; 0

000011ce <.Loc.81>:
    11ce:	fc 01       	movw	r30, r24
    11d0:	80 81       	ld	r24, Z
    11d2:	91 81       	ldd	r25, Z+1	; 0x01
    11d4:	9a 83       	std	Y+2, r25	; 0x02
    11d6:	89 83       	std	Y+1, r24	; 0x01

000011d8 <.Loc.82>:
    }
    /* Call the Globale Pointer -> Video Call Back
        @todo
    */

    11d8:	00 00       	nop
    11da:	0f 90       	pop	r0
    11dc:	0f 90       	pop	r0
    11de:	df 91       	pop	r29
    11e0:	cf 91       	pop	r28
    11e2:	ff 91       	pop	r31
    11e4:	ef 91       	pop	r30
    11e6:	9f 91       	pop	r25
    11e8:	8f 91       	pop	r24
    11ea:	0f 90       	pop	r0
    11ec:	0f be       	out	0x3f, r0	; 63
    11ee:	0f 90       	pop	r0
    11f0:	1f 90       	pop	r1
    11f2:	18 95       	reti

000011f4 <DIO_DirectionSelectforPin>:
#include "DIO_Interface.h"

/*API's*/
// Direction (input 0 Clear / output 1 Set  ) DDRA
void DIO_DirectionSelectforPin(const uint8_t GroupName , const uint8_t PinNo,const uint8_t DirectionState)
{
    11f4:	cf 93       	push	r28
    11f6:	df 93       	push	r29
    11f8:	00 d0       	rcall	.+0      	; 0x11fa <L0^A>

000011fa <L0^A>:
    11fa:	0f 92       	push	r0
    11fc:	cd b7       	in	r28, 0x3d	; 61
    11fe:	de b7       	in	r29, 0x3e	; 62
    1200:	89 83       	std	Y+1, r24	; 0x01
    1202:	6a 83       	std	Y+2, r22	; 0x02
    1204:	4b 83       	std	Y+3, r20	; 0x03

00001206 <.Loc.1>:
    if(GroupName>=DIO_GroupA&&GroupName<=DIO_GroupD)
    1206:	89 81       	ldd	r24, Y+1	; 0x01
    1208:	84 30       	cpi	r24, 0x04	; 4
    120a:	08 f0       	brcs	.+2      	; 0x120e <.Loc.2>

0000120c <L0^A>:
    120c:	f3 c0       	rjmp	.+486    	; 0x13f4 <.L16>

0000120e <.Loc.2>:
    {
        if(PinNo>=DIO_Pin0&&PinNo<=DIO_Pin7)
    120e:	8a 81       	ldd	r24, Y+2	; 0x02
    1210:	88 30       	cpi	r24, 0x08	; 8
    1212:	08 f0       	brcs	.+2      	; 0x1216 <.Loc.3>

00001214 <L0^A>:
    1214:	ef c0       	rjmp	.+478    	; 0x13f4 <.L16>

00001216 <.Loc.3>:
        {
            if(DirectionState==DIO_Outputfor1Pin)
    1216:	8b 81       	ldd	r24, Y+3	; 0x03
    1218:	81 30       	cpi	r24, 0x01	; 1
    121a:	09 f0       	breq	.+2      	; 0x121e <.Loc.4>

0000121c <L0^A>:
    121c:	70 c0       	rjmp	.+224    	; 0x12fe <.L3>

0000121e <.Loc.4>:
            {
                // SetBit(DDR)
                switch(GroupName)
    121e:	89 81       	ldd	r24, Y+1	; 0x01
    1220:	88 2f       	mov	r24, r24
    1222:	90 e0       	ldi	r25, 0x00	; 0
    1224:	83 30       	cpi	r24, 0x03	; 3
    1226:	91 05       	cpc	r25, r1
    1228:	09 f4       	brne	.+2      	; 0x122c <L0^A+0x2>

0000122a <L0^A>:
    122a:	53 c0       	rjmp	.+166    	; 0x12d2 <.L4>
    122c:	84 30       	cpi	r24, 0x04	; 4
    122e:	91 05       	cpc	r25, r1
    1230:	0c f0       	brlt	.+2      	; 0x1234 <L0^A+0x2>

00001232 <L0^A>:
    1232:	dd c0       	rjmp	.+442    	; 0x13ee <.L17>
    1234:	82 30       	cpi	r24, 0x02	; 2
    1236:	91 05       	cpc	r25, r1
    1238:	b1 f1       	breq	.+108    	; 0x12a6 <.L6>
    123a:	83 30       	cpi	r24, 0x03	; 3
    123c:	91 05       	cpc	r25, r1
    123e:	0c f0       	brlt	.+2      	; 0x1242 <L0^A+0x2>

00001240 <L0^A>:
    1240:	d6 c0       	rjmp	.+428    	; 0x13ee <.L17>
    1242:	00 97       	sbiw	r24, 0x00	; 0
    1244:	21 f0       	breq	.+8      	; 0x124e <.L7>
    1246:	81 30       	cpi	r24, 0x01	; 1
    1248:	91 05       	cpc	r25, r1
    124a:	b9 f0       	breq	.+46     	; 0x127a <.L8>

0000124c <.Loc.5>:
                {
                    case DIO_GroupA: SetBit(DDRA_Reg,PinNo);break;
                    case DIO_GroupB: SetBit(DDRB_Reg,PinNo);break;
                    case DIO_GroupC: SetBit(DDRC_Reg,PinNo);break;
                    case DIO_GroupD: SetBit(DDRD_Reg,PinNo);break;
                    default:break;
    124c:	d0 c0       	rjmp	.+416    	; 0x13ee <.L17>

0000124e <.L7>:
                    case DIO_GroupA: SetBit(DDRA_Reg,PinNo);break;
    124e:	8a e3       	ldi	r24, 0x3A	; 58
    1250:	90 e0       	ldi	r25, 0x00	; 0
    1252:	fc 01       	movw	r30, r24
    1254:	80 81       	ld	r24, Z
    1256:	48 2f       	mov	r20, r24
    1258:	8a 81       	ldd	r24, Y+2	; 0x02
    125a:	28 2f       	mov	r18, r24
    125c:	30 e0       	ldi	r19, 0x00	; 0
    125e:	81 e0       	ldi	r24, 0x01	; 1
    1260:	90 e0       	ldi	r25, 0x00	; 0
    1262:	02 c0       	rjmp	.+4      	; 0x1268 <.L2^B1>

00001264 <.L1^B1>:
    1264:	88 0f       	add	r24, r24
    1266:	99 1f       	adc	r25, r25

00001268 <.L2^B1>:
    1268:	2a 95       	dec	r18
    126a:	e2 f7       	brpl	.-8      	; 0x1264 <.L1^B1>
    126c:	24 2f       	mov	r18, r20
    126e:	28 2b       	or	r18, r24
    1270:	8a e3       	ldi	r24, 0x3A	; 58
    1272:	90 e0       	ldi	r25, 0x00	; 0
    1274:	fc 01       	movw	r30, r24
    1276:	20 83       	st	Z, r18

00001278 <.Loc.7>:
    1278:	bd c0       	rjmp	.+378    	; 0x13f4 <.L16>

0000127a <.L8>:
                    case DIO_GroupB: SetBit(DDRB_Reg,PinNo);break;
    127a:	87 e3       	ldi	r24, 0x37	; 55
    127c:	90 e0       	ldi	r25, 0x00	; 0
    127e:	fc 01       	movw	r30, r24
    1280:	80 81       	ld	r24, Z
    1282:	48 2f       	mov	r20, r24
    1284:	8a 81       	ldd	r24, Y+2	; 0x02
    1286:	28 2f       	mov	r18, r24
    1288:	30 e0       	ldi	r19, 0x00	; 0
    128a:	81 e0       	ldi	r24, 0x01	; 1
    128c:	90 e0       	ldi	r25, 0x00	; 0
    128e:	02 c0       	rjmp	.+4      	; 0x1294 <.L2^B2>

00001290 <.L1^B2>:
    1290:	88 0f       	add	r24, r24
    1292:	99 1f       	adc	r25, r25

00001294 <.L2^B2>:
    1294:	2a 95       	dec	r18
    1296:	e2 f7       	brpl	.-8      	; 0x1290 <.L1^B2>
    1298:	24 2f       	mov	r18, r20
    129a:	28 2b       	or	r18, r24
    129c:	87 e3       	ldi	r24, 0x37	; 55
    129e:	90 e0       	ldi	r25, 0x00	; 0
    12a0:	fc 01       	movw	r30, r24
    12a2:	20 83       	st	Z, r18

000012a4 <.Loc.9>:
    12a4:	a7 c0       	rjmp	.+334    	; 0x13f4 <.L16>

000012a6 <.L6>:
                    case DIO_GroupC: SetBit(DDRC_Reg,PinNo);break;
    12a6:	84 e3       	ldi	r24, 0x34	; 52
    12a8:	90 e0       	ldi	r25, 0x00	; 0
    12aa:	fc 01       	movw	r30, r24
    12ac:	80 81       	ld	r24, Z
    12ae:	48 2f       	mov	r20, r24
    12b0:	8a 81       	ldd	r24, Y+2	; 0x02
    12b2:	28 2f       	mov	r18, r24
    12b4:	30 e0       	ldi	r19, 0x00	; 0
    12b6:	81 e0       	ldi	r24, 0x01	; 1
    12b8:	90 e0       	ldi	r25, 0x00	; 0
    12ba:	02 c0       	rjmp	.+4      	; 0x12c0 <.L2^B3>

000012bc <.L1^B3>:
    12bc:	88 0f       	add	r24, r24
    12be:	99 1f       	adc	r25, r25

000012c0 <.L2^B3>:
    12c0:	2a 95       	dec	r18
    12c2:	e2 f7       	brpl	.-8      	; 0x12bc <.L1^B3>
    12c4:	24 2f       	mov	r18, r20
    12c6:	28 2b       	or	r18, r24
    12c8:	84 e3       	ldi	r24, 0x34	; 52
    12ca:	90 e0       	ldi	r25, 0x00	; 0
    12cc:	fc 01       	movw	r30, r24
    12ce:	20 83       	st	Z, r18

000012d0 <.Loc.11>:
    12d0:	91 c0       	rjmp	.+290    	; 0x13f4 <.L16>

000012d2 <.L4>:
                    case DIO_GroupD: SetBit(DDRD_Reg,PinNo);break;
    12d2:	81 e3       	ldi	r24, 0x31	; 49
    12d4:	90 e0       	ldi	r25, 0x00	; 0
    12d6:	fc 01       	movw	r30, r24
    12d8:	80 81       	ld	r24, Z
    12da:	48 2f       	mov	r20, r24
    12dc:	8a 81       	ldd	r24, Y+2	; 0x02
    12de:	28 2f       	mov	r18, r24
    12e0:	30 e0       	ldi	r19, 0x00	; 0
    12e2:	81 e0       	ldi	r24, 0x01	; 1
    12e4:	90 e0       	ldi	r25, 0x00	; 0
    12e6:	02 c0       	rjmp	.+4      	; 0x12ec <.L2^B4>

000012e8 <.L1^B4>:
    12e8:	88 0f       	add	r24, r24
    12ea:	99 1f       	adc	r25, r25

000012ec <.L2^B4>:
    12ec:	2a 95       	dec	r18
    12ee:	e2 f7       	brpl	.-8      	; 0x12e8 <.L1^B4>
    12f0:	24 2f       	mov	r18, r20
    12f2:	28 2b       	or	r18, r24
    12f4:	81 e3       	ldi	r24, 0x31	; 49
    12f6:	90 e0       	ldi	r25, 0x00	; 0
    12f8:	fc 01       	movw	r30, r24
    12fa:	20 83       	st	Z, r18

000012fc <.Loc.13>:
    12fc:	7b c0       	rjmp	.+246    	; 0x13f4 <.L16>

000012fe <.L3>:
                }
            }
            else if (DirectionState==DIO_Inputfor1Pin)
    12fe:	8b 81       	ldd	r24, Y+3	; 0x03
    1300:	81 15       	cp	r24, r1
    1302:	09 f0       	breq	.+2      	; 0x1306 <.Loc.15>

00001304 <L0^A>:
    1304:	77 c0       	rjmp	.+238    	; 0x13f4 <.L16>

00001306 <.Loc.15>:
            {
                //ClearBit(DDR)
                switch(GroupName)
    1306:	89 81       	ldd	r24, Y+1	; 0x01
    1308:	88 2f       	mov	r24, r24
    130a:	90 e0       	ldi	r25, 0x00	; 0
    130c:	83 30       	cpi	r24, 0x03	; 3
    130e:	91 05       	cpc	r25, r1
    1310:	09 f4       	brne	.+2      	; 0x1314 <L0^A+0x2>

00001312 <L0^A>:
    1312:	56 c0       	rjmp	.+172    	; 0x13c0 <.L10>
    1314:	84 30       	cpi	r24, 0x04	; 4
    1316:	91 05       	cpc	r25, r1
    1318:	0c f0       	brlt	.+2      	; 0x131c <L0^A+0x2>

0000131a <L0^A>:
    131a:	6b c0       	rjmp	.+214    	; 0x13f2 <.L18>
    131c:	82 30       	cpi	r24, 0x02	; 2
    131e:	91 05       	cpc	r25, r1
    1320:	c1 f1       	breq	.+112    	; 0x1392 <.L12>
    1322:	83 30       	cpi	r24, 0x03	; 3
    1324:	91 05       	cpc	r25, r1
    1326:	0c f0       	brlt	.+2      	; 0x132a <L0^A+0x2>

00001328 <L0^A>:
    1328:	64 c0       	rjmp	.+200    	; 0x13f2 <.L18>
    132a:	00 97       	sbiw	r24, 0x00	; 0
    132c:	21 f0       	breq	.+8      	; 0x1336 <.L13>
    132e:	81 30       	cpi	r24, 0x01	; 1
    1330:	91 05       	cpc	r25, r1
    1332:	c1 f0       	breq	.+48     	; 0x1364 <.L14>

00001334 <.Loc.16>:
                {
                    case DIO_GroupA: ClearBit(DDRA_Reg,PinNo);break;
                    case DIO_GroupB: ClearBit(DDRB_Reg,PinNo);break;
                    case DIO_GroupC: ClearBit(DDRC_Reg,PinNo);break;
                    case DIO_GroupD: ClearBit(DDRD_Reg,PinNo);break;
                    default:break;
    1334:	5e c0       	rjmp	.+188    	; 0x13f2 <.L18>

00001336 <.L13>:
                    case DIO_GroupA: ClearBit(DDRA_Reg,PinNo);break;
    1336:	8a e3       	ldi	r24, 0x3A	; 58
    1338:	90 e0       	ldi	r25, 0x00	; 0
    133a:	fc 01       	movw	r30, r24
    133c:	80 81       	ld	r24, Z
    133e:	48 2f       	mov	r20, r24
    1340:	8a 81       	ldd	r24, Y+2	; 0x02
    1342:	28 2f       	mov	r18, r24
    1344:	30 e0       	ldi	r19, 0x00	; 0
    1346:	81 e0       	ldi	r24, 0x01	; 1
    1348:	90 e0       	ldi	r25, 0x00	; 0
    134a:	02 c0       	rjmp	.+4      	; 0x1350 <.L2^B5>

0000134c <.L1^B5>:
    134c:	88 0f       	add	r24, r24
    134e:	99 1f       	adc	r25, r25

00001350 <.L2^B5>:
    1350:	2a 95       	dec	r18
    1352:	e2 f7       	brpl	.-8      	; 0x134c <.L1^B5>
    1354:	80 95       	com	r24
    1356:	24 2f       	mov	r18, r20
    1358:	28 23       	and	r18, r24
    135a:	8a e3       	ldi	r24, 0x3A	; 58
    135c:	90 e0       	ldi	r25, 0x00	; 0
    135e:	fc 01       	movw	r30, r24
    1360:	20 83       	st	Z, r18

00001362 <.Loc.18>:
    1362:	48 c0       	rjmp	.+144    	; 0x13f4 <.L16>

00001364 <.L14>:
                    case DIO_GroupB: ClearBit(DDRB_Reg,PinNo);break;
    1364:	87 e3       	ldi	r24, 0x37	; 55
    1366:	90 e0       	ldi	r25, 0x00	; 0
    1368:	fc 01       	movw	r30, r24
    136a:	80 81       	ld	r24, Z
    136c:	48 2f       	mov	r20, r24
    136e:	8a 81       	ldd	r24, Y+2	; 0x02
    1370:	28 2f       	mov	r18, r24
    1372:	30 e0       	ldi	r19, 0x00	; 0
    1374:	81 e0       	ldi	r24, 0x01	; 1
    1376:	90 e0       	ldi	r25, 0x00	; 0
    1378:	02 c0       	rjmp	.+4      	; 0x137e <.L2^B6>

0000137a <.L1^B6>:
    137a:	88 0f       	add	r24, r24
    137c:	99 1f       	adc	r25, r25

0000137e <.L2^B6>:
    137e:	2a 95       	dec	r18
    1380:	e2 f7       	brpl	.-8      	; 0x137a <.L1^B6>
    1382:	80 95       	com	r24
    1384:	24 2f       	mov	r18, r20
    1386:	28 23       	and	r18, r24
    1388:	87 e3       	ldi	r24, 0x37	; 55
    138a:	90 e0       	ldi	r25, 0x00	; 0
    138c:	fc 01       	movw	r30, r24
    138e:	20 83       	st	Z, r18

00001390 <.Loc.20>:
    1390:	31 c0       	rjmp	.+98     	; 0x13f4 <.L16>

00001392 <.L12>:
                    case DIO_GroupC: ClearBit(DDRC_Reg,PinNo);break;
    1392:	84 e3       	ldi	r24, 0x34	; 52
    1394:	90 e0       	ldi	r25, 0x00	; 0
    1396:	fc 01       	movw	r30, r24
    1398:	80 81       	ld	r24, Z
    139a:	48 2f       	mov	r20, r24
    139c:	8a 81       	ldd	r24, Y+2	; 0x02
    139e:	28 2f       	mov	r18, r24
    13a0:	30 e0       	ldi	r19, 0x00	; 0
    13a2:	81 e0       	ldi	r24, 0x01	; 1
    13a4:	90 e0       	ldi	r25, 0x00	; 0
    13a6:	02 c0       	rjmp	.+4      	; 0x13ac <.L2^B7>

000013a8 <.L1^B7>:
    13a8:	88 0f       	add	r24, r24
    13aa:	99 1f       	adc	r25, r25

000013ac <.L2^B7>:
    13ac:	2a 95       	dec	r18
    13ae:	e2 f7       	brpl	.-8      	; 0x13a8 <.L1^B7>
    13b0:	80 95       	com	r24
    13b2:	24 2f       	mov	r18, r20
    13b4:	28 23       	and	r18, r24
    13b6:	84 e3       	ldi	r24, 0x34	; 52
    13b8:	90 e0       	ldi	r25, 0x00	; 0
    13ba:	fc 01       	movw	r30, r24
    13bc:	20 83       	st	Z, r18

000013be <.Loc.22>:
    13be:	1a c0       	rjmp	.+52     	; 0x13f4 <.L16>

000013c0 <.L10>:
                    case DIO_GroupD: ClearBit(DDRD_Reg,PinNo);break;
    13c0:	81 e3       	ldi	r24, 0x31	; 49
    13c2:	90 e0       	ldi	r25, 0x00	; 0
    13c4:	fc 01       	movw	r30, r24
    13c6:	80 81       	ld	r24, Z
    13c8:	48 2f       	mov	r20, r24
    13ca:	8a 81       	ldd	r24, Y+2	; 0x02
    13cc:	28 2f       	mov	r18, r24
    13ce:	30 e0       	ldi	r19, 0x00	; 0
    13d0:	81 e0       	ldi	r24, 0x01	; 1
    13d2:	90 e0       	ldi	r25, 0x00	; 0
    13d4:	02 c0       	rjmp	.+4      	; 0x13da <.L2^B8>

000013d6 <.L1^B8>:
    13d6:	88 0f       	add	r24, r24
    13d8:	99 1f       	adc	r25, r25

000013da <.L2^B8>:
    13da:	2a 95       	dec	r18
    13dc:	e2 f7       	brpl	.-8      	; 0x13d6 <.L1^B8>
    13de:	80 95       	com	r24
    13e0:	24 2f       	mov	r18, r20
    13e2:	28 23       	and	r18, r24
    13e4:	81 e3       	ldi	r24, 0x31	; 49
    13e6:	90 e0       	ldi	r25, 0x00	; 0
    13e8:	fc 01       	movw	r30, r24
    13ea:	20 83       	st	Z, r18

000013ec <.Loc.24>:
    13ec:	03 c0       	rjmp	.+6      	; 0x13f4 <.L16>

000013ee <.L17>:
                    default:break;
    13ee:	00 00       	nop
    13f0:	01 c0       	rjmp	.+2      	; 0x13f4 <.L16>

000013f2 <.L18>:
	...

000013f4 <.L16>:
    }
    else
    {
        // Error
    }
}
    13f4:	00 00       	nop
    13f6:	0f 90       	pop	r0
    13f8:	0f 90       	pop	r0
    13fa:	0f 90       	pop	r0
    13fc:	df 91       	pop	r29
    13fe:	cf 91       	pop	r28
    1400:	08 95       	ret

00001402 <DIO_DirectionSelectforGroup>:
void DIO_DirectionSelectforGroup(const uint8_t GroupName,  const uint8_t DirectionState)
{
    1402:	cf 93       	push	r28
    1404:	df 93       	push	r29
    1406:	00 d0       	rcall	.+0      	; 0x1408 <L0^A>

00001408 <L0^A>:
    1408:	cd b7       	in	r28, 0x3d	; 61
    140a:	de b7       	in	r29, 0x3e	; 62
    140c:	89 83       	std	Y+1, r24	; 0x01
    140e:	6a 83       	std	Y+2, r22	; 0x02

00001410 <.Loc.29>:
 switch(GroupName)
    1410:	89 81       	ldd	r24, Y+1	; 0x01
    1412:	88 2f       	mov	r24, r24
    1414:	90 e0       	ldi	r25, 0x00	; 0
    1416:	83 30       	cpi	r24, 0x03	; 3
    1418:	91 05       	cpc	r25, r1
    141a:	09 f1       	breq	.+66     	; 0x145e <.L20>
    141c:	84 30       	cpi	r24, 0x04	; 4
    141e:	91 05       	cpc	r25, r1
    1420:	24 f5       	brge	.+72     	; 0x146a <.L26>
    1422:	82 30       	cpi	r24, 0x02	; 2
    1424:	91 05       	cpc	r25, r1
    1426:	a9 f0       	breq	.+42     	; 0x1452 <.L22>
    1428:	83 30       	cpi	r24, 0x03	; 3
    142a:	91 05       	cpc	r25, r1
    142c:	f4 f4       	brge	.+60     	; 0x146a <.L26>
    142e:	00 97       	sbiw	r24, 0x00	; 0
    1430:	21 f0       	breq	.+8      	; 0x143a <.L23>
    1432:	81 30       	cpi	r24, 0x01	; 1
    1434:	91 05       	cpc	r25, r1
    1436:	39 f0       	breq	.+14     	; 0x1446 <.L24>

00001438 <.Loc.30>:
 {
    case DIO_GroupA:DDRA_Reg=DirectionState;break;
    case DIO_GroupB:DDRB_Reg=DirectionState;break;
    case DIO_GroupC:DDRC_Reg=DirectionState;break;
    case DIO_GroupD:DDRD_Reg=DirectionState;break;
    default:break;
    1438:	18 c0       	rjmp	.+48     	; 0x146a <.L26>

0000143a <.L23>:
    case DIO_GroupA:DDRA_Reg=DirectionState;break;
    143a:	8a e3       	ldi	r24, 0x3A	; 58
    143c:	90 e0       	ldi	r25, 0x00	; 0

0000143e <.Loc.32>:
    143e:	2a 81       	ldd	r18, Y+2	; 0x02
    1440:	fc 01       	movw	r30, r24
    1442:	20 83       	st	Z, r18

00001444 <.Loc.33>:
    1444:	13 c0       	rjmp	.+38     	; 0x146c <.L25>

00001446 <.L24>:
    case DIO_GroupB:DDRB_Reg=DirectionState;break;
    1446:	87 e3       	ldi	r24, 0x37	; 55
    1448:	90 e0       	ldi	r25, 0x00	; 0

0000144a <.Loc.35>:
    144a:	2a 81       	ldd	r18, Y+2	; 0x02
    144c:	fc 01       	movw	r30, r24
    144e:	20 83       	st	Z, r18

00001450 <.Loc.36>:
    1450:	0d c0       	rjmp	.+26     	; 0x146c <.L25>

00001452 <.L22>:
    case DIO_GroupC:DDRC_Reg=DirectionState;break;
    1452:	84 e3       	ldi	r24, 0x34	; 52
    1454:	90 e0       	ldi	r25, 0x00	; 0

00001456 <.Loc.38>:
    1456:	2a 81       	ldd	r18, Y+2	; 0x02
    1458:	fc 01       	movw	r30, r24
    145a:	20 83       	st	Z, r18

0000145c <.Loc.39>:
    145c:	07 c0       	rjmp	.+14     	; 0x146c <.L25>

0000145e <.L20>:
    case DIO_GroupD:DDRD_Reg=DirectionState;break;
    145e:	81 e3       	ldi	r24, 0x31	; 49
    1460:	90 e0       	ldi	r25, 0x00	; 0

00001462 <.Loc.41>:
    1462:	2a 81       	ldd	r18, Y+2	; 0x02
    1464:	fc 01       	movw	r30, r24
    1466:	20 83       	st	Z, r18

00001468 <.Loc.42>:
    1468:	01 c0       	rjmp	.+2      	; 0x146c <.L25>

0000146a <.L26>:
	...

0000146c <.L25>:
 }   
}
    146c:	00 00       	nop
    146e:	0f 90       	pop	r0
    1470:	0f 90       	pop	r0
    1472:	df 91       	pop	r29
    1474:	cf 91       	pop	r28
    1476:	08 95       	ret

00001478 <DIO_WritePin>:

// Output Value (low 0  Clear / High 1 Set  ) PORT
void DIO_WritePin(const uint8_t GroupName , const uint8_t PinNo,const uint8_t OutputValue)
{
    1478:	cf 93       	push	r28
    147a:	df 93       	push	r29
    147c:	00 d0       	rcall	.+0      	; 0x147e <L0^A>

0000147e <L0^A>:
    147e:	0f 92       	push	r0
    1480:	cd b7       	in	r28, 0x3d	; 61
    1482:	de b7       	in	r29, 0x3e	; 62
    1484:	89 83       	std	Y+1, r24	; 0x01
    1486:	6a 83       	std	Y+2, r22	; 0x02
    1488:	4b 83       	std	Y+3, r20	; 0x03

0000148a <.Loc.46>:
    if(GroupName>=DIO_GroupA&&GroupName<=DIO_GroupD)
    148a:	89 81       	ldd	r24, Y+1	; 0x01
    148c:	84 30       	cpi	r24, 0x04	; 4
    148e:	08 f0       	brcs	.+2      	; 0x1492 <.Loc.47>

00001490 <L0^A>:
    1490:	f3 c0       	rjmp	.+486    	; 0x1678 <.L28>

00001492 <.Loc.47>:
    {
        if(PinNo>=DIO_Pin0&&PinNo<=DIO_Pin7)
    1492:	8a 81       	ldd	r24, Y+2	; 0x02
    1494:	88 30       	cpi	r24, 0x08	; 8
    1496:	08 f0       	brcs	.+2      	; 0x149a <.Loc.48>

00001498 <L0^A>:
    1498:	ef c0       	rjmp	.+478    	; 0x1678 <.L28>

0000149a <.Loc.48>:
        {   
            if(OutputValue==DIO_Highfor1Pin)
    149a:	8b 81       	ldd	r24, Y+3	; 0x03
    149c:	81 30       	cpi	r24, 0x01	; 1
    149e:	09 f0       	breq	.+2      	; 0x14a2 <.Loc.49>

000014a0 <L0^A>:
    14a0:	70 c0       	rjmp	.+224    	; 0x1582 <.L29>

000014a2 <.Loc.49>:
            {
                // Set(PORT)
                switch(GroupName)
    14a2:	89 81       	ldd	r24, Y+1	; 0x01
    14a4:	88 2f       	mov	r24, r24
    14a6:	90 e0       	ldi	r25, 0x00	; 0
    14a8:	83 30       	cpi	r24, 0x03	; 3
    14aa:	91 05       	cpc	r25, r1
    14ac:	09 f4       	brne	.+2      	; 0x14b0 <L0^A+0x2>

000014ae <L0^A>:
    14ae:	53 c0       	rjmp	.+166    	; 0x1556 <.L30>
    14b0:	84 30       	cpi	r24, 0x04	; 4
    14b2:	91 05       	cpc	r25, r1
    14b4:	0c f0       	brlt	.+2      	; 0x14b8 <L0^A+0x2>

000014b6 <L0^A>:
    14b6:	dd c0       	rjmp	.+442    	; 0x1672 <.L43>
    14b8:	82 30       	cpi	r24, 0x02	; 2
    14ba:	91 05       	cpc	r25, r1
    14bc:	b1 f1       	breq	.+108    	; 0x152a <.L32>
    14be:	83 30       	cpi	r24, 0x03	; 3
    14c0:	91 05       	cpc	r25, r1
    14c2:	0c f0       	brlt	.+2      	; 0x14c6 <L0^A+0x2>

000014c4 <L0^A>:
    14c4:	d6 c0       	rjmp	.+428    	; 0x1672 <.L43>
    14c6:	00 97       	sbiw	r24, 0x00	; 0
    14c8:	21 f0       	breq	.+8      	; 0x14d2 <.L33>
    14ca:	81 30       	cpi	r24, 0x01	; 1
    14cc:	91 05       	cpc	r25, r1
    14ce:	b9 f0       	breq	.+46     	; 0x14fe <.L34>

000014d0 <.Loc.50>:
                {
                    case DIO_GroupA:SetBit(PORTA_Reg,PinNo);break;
                    case DIO_GroupB:SetBit(PORTB_Reg,PinNo);break;
                    case DIO_GroupC:SetBit(PORTC_Reg,PinNo);break;
                    case DIO_GroupD:SetBit(PORTD_Reg,PinNo);break;
                    default:break;
    14d0:	d0 c0       	rjmp	.+416    	; 0x1672 <.L43>

000014d2 <.L33>:
                    case DIO_GroupA:SetBit(PORTA_Reg,PinNo);break;
    14d2:	8b e3       	ldi	r24, 0x3B	; 59
    14d4:	90 e0       	ldi	r25, 0x00	; 0
    14d6:	fc 01       	movw	r30, r24
    14d8:	80 81       	ld	r24, Z
    14da:	48 2f       	mov	r20, r24
    14dc:	8a 81       	ldd	r24, Y+2	; 0x02
    14de:	28 2f       	mov	r18, r24
    14e0:	30 e0       	ldi	r19, 0x00	; 0
    14e2:	81 e0       	ldi	r24, 0x01	; 1
    14e4:	90 e0       	ldi	r25, 0x00	; 0
    14e6:	02 c0       	rjmp	.+4      	; 0x14ec <.L2^B9>

000014e8 <.L1^B9>:
    14e8:	88 0f       	add	r24, r24
    14ea:	99 1f       	adc	r25, r25

000014ec <.L2^B9>:
    14ec:	2a 95       	dec	r18
    14ee:	e2 f7       	brpl	.-8      	; 0x14e8 <.L1^B9>
    14f0:	24 2f       	mov	r18, r20
    14f2:	28 2b       	or	r18, r24
    14f4:	8b e3       	ldi	r24, 0x3B	; 59
    14f6:	90 e0       	ldi	r25, 0x00	; 0
    14f8:	fc 01       	movw	r30, r24
    14fa:	20 83       	st	Z, r18

000014fc <.Loc.52>:
    14fc:	bd c0       	rjmp	.+378    	; 0x1678 <.L28>

000014fe <.L34>:
                    case DIO_GroupB:SetBit(PORTB_Reg,PinNo);break;
    14fe:	88 e3       	ldi	r24, 0x38	; 56
    1500:	90 e0       	ldi	r25, 0x00	; 0
    1502:	fc 01       	movw	r30, r24
    1504:	80 81       	ld	r24, Z
    1506:	48 2f       	mov	r20, r24
    1508:	8a 81       	ldd	r24, Y+2	; 0x02
    150a:	28 2f       	mov	r18, r24
    150c:	30 e0       	ldi	r19, 0x00	; 0
    150e:	81 e0       	ldi	r24, 0x01	; 1
    1510:	90 e0       	ldi	r25, 0x00	; 0
    1512:	02 c0       	rjmp	.+4      	; 0x1518 <.L2^B10>

00001514 <.L1^B10>:
    1514:	88 0f       	add	r24, r24
    1516:	99 1f       	adc	r25, r25

00001518 <.L2^B10>:
    1518:	2a 95       	dec	r18
    151a:	e2 f7       	brpl	.-8      	; 0x1514 <.L1^B10>
    151c:	24 2f       	mov	r18, r20
    151e:	28 2b       	or	r18, r24
    1520:	88 e3       	ldi	r24, 0x38	; 56
    1522:	90 e0       	ldi	r25, 0x00	; 0
    1524:	fc 01       	movw	r30, r24
    1526:	20 83       	st	Z, r18

00001528 <.Loc.54>:
    1528:	a7 c0       	rjmp	.+334    	; 0x1678 <.L28>

0000152a <.L32>:
                    case DIO_GroupC:SetBit(PORTC_Reg,PinNo);break;
    152a:	85 e3       	ldi	r24, 0x35	; 53
    152c:	90 e0       	ldi	r25, 0x00	; 0
    152e:	fc 01       	movw	r30, r24
    1530:	80 81       	ld	r24, Z
    1532:	48 2f       	mov	r20, r24
    1534:	8a 81       	ldd	r24, Y+2	; 0x02
    1536:	28 2f       	mov	r18, r24
    1538:	30 e0       	ldi	r19, 0x00	; 0
    153a:	81 e0       	ldi	r24, 0x01	; 1
    153c:	90 e0       	ldi	r25, 0x00	; 0
    153e:	02 c0       	rjmp	.+4      	; 0x1544 <.L2^B11>

00001540 <.L1^B11>:
    1540:	88 0f       	add	r24, r24
    1542:	99 1f       	adc	r25, r25

00001544 <.L2^B11>:
    1544:	2a 95       	dec	r18
    1546:	e2 f7       	brpl	.-8      	; 0x1540 <.L1^B11>
    1548:	24 2f       	mov	r18, r20
    154a:	28 2b       	or	r18, r24
    154c:	85 e3       	ldi	r24, 0x35	; 53
    154e:	90 e0       	ldi	r25, 0x00	; 0
    1550:	fc 01       	movw	r30, r24
    1552:	20 83       	st	Z, r18

00001554 <.Loc.56>:
    1554:	91 c0       	rjmp	.+290    	; 0x1678 <.L28>

00001556 <.L30>:
                    case DIO_GroupD:SetBit(PORTD_Reg,PinNo);break;
    1556:	82 e3       	ldi	r24, 0x32	; 50
    1558:	90 e0       	ldi	r25, 0x00	; 0
    155a:	fc 01       	movw	r30, r24
    155c:	80 81       	ld	r24, Z
    155e:	48 2f       	mov	r20, r24
    1560:	8a 81       	ldd	r24, Y+2	; 0x02
    1562:	28 2f       	mov	r18, r24
    1564:	30 e0       	ldi	r19, 0x00	; 0
    1566:	81 e0       	ldi	r24, 0x01	; 1
    1568:	90 e0       	ldi	r25, 0x00	; 0
    156a:	02 c0       	rjmp	.+4      	; 0x1570 <.L2^B12>

0000156c <.L1^B12>:
    156c:	88 0f       	add	r24, r24
    156e:	99 1f       	adc	r25, r25

00001570 <.L2^B12>:
    1570:	2a 95       	dec	r18
    1572:	e2 f7       	brpl	.-8      	; 0x156c <.L1^B12>
    1574:	24 2f       	mov	r18, r20
    1576:	28 2b       	or	r18, r24
    1578:	82 e3       	ldi	r24, 0x32	; 50
    157a:	90 e0       	ldi	r25, 0x00	; 0
    157c:	fc 01       	movw	r30, r24
    157e:	20 83       	st	Z, r18

00001580 <.Loc.58>:
    1580:	7b c0       	rjmp	.+246    	; 0x1678 <.L28>

00001582 <.L29>:
                }
            }
            else if(OutputValue==DIO_Lowfor1Pin)
    1582:	8b 81       	ldd	r24, Y+3	; 0x03
    1584:	81 15       	cp	r24, r1
    1586:	09 f0       	breq	.+2      	; 0x158a <.Loc.60>

00001588 <L0^A>:
    1588:	77 c0       	rjmp	.+238    	; 0x1678 <.L28>

0000158a <.Loc.60>:
            {
                // clear/PORT
                switch(GroupName)
    158a:	89 81       	ldd	r24, Y+1	; 0x01
    158c:	88 2f       	mov	r24, r24
    158e:	90 e0       	ldi	r25, 0x00	; 0
    1590:	83 30       	cpi	r24, 0x03	; 3
    1592:	91 05       	cpc	r25, r1
    1594:	09 f4       	brne	.+2      	; 0x1598 <L0^A+0x2>

00001596 <L0^A>:
    1596:	56 c0       	rjmp	.+172    	; 0x1644 <.L36>
    1598:	84 30       	cpi	r24, 0x04	; 4
    159a:	91 05       	cpc	r25, r1
    159c:	0c f0       	brlt	.+2      	; 0x15a0 <L0^A+0x2>

0000159e <L0^A>:
    159e:	6b c0       	rjmp	.+214    	; 0x1676 <.L44>
    15a0:	82 30       	cpi	r24, 0x02	; 2
    15a2:	91 05       	cpc	r25, r1
    15a4:	c1 f1       	breq	.+112    	; 0x1616 <.L38>
    15a6:	83 30       	cpi	r24, 0x03	; 3
    15a8:	91 05       	cpc	r25, r1
    15aa:	0c f0       	brlt	.+2      	; 0x15ae <L0^A+0x2>

000015ac <L0^A>:
    15ac:	64 c0       	rjmp	.+200    	; 0x1676 <.L44>
    15ae:	00 97       	sbiw	r24, 0x00	; 0
    15b0:	21 f0       	breq	.+8      	; 0x15ba <.L39>
    15b2:	81 30       	cpi	r24, 0x01	; 1
    15b4:	91 05       	cpc	r25, r1
    15b6:	c1 f0       	breq	.+48     	; 0x15e8 <.L40>

000015b8 <.Loc.61>:
                {
                    case DIO_GroupA:ClearBit(PORTA_Reg,PinNo);break;
                    case DIO_GroupB:ClearBit(PORTB_Reg,PinNo);break;
                    case DIO_GroupC:ClearBit(PORTC_Reg,PinNo);break;
                    case DIO_GroupD:ClearBit(PORTD_Reg,PinNo);break;
                    default:break;
    15b8:	5e c0       	rjmp	.+188    	; 0x1676 <.L44>

000015ba <.L39>:
                    case DIO_GroupA:ClearBit(PORTA_Reg,PinNo);break;
    15ba:	8b e3       	ldi	r24, 0x3B	; 59
    15bc:	90 e0       	ldi	r25, 0x00	; 0
    15be:	fc 01       	movw	r30, r24
    15c0:	80 81       	ld	r24, Z
    15c2:	48 2f       	mov	r20, r24
    15c4:	8a 81       	ldd	r24, Y+2	; 0x02
    15c6:	28 2f       	mov	r18, r24
    15c8:	30 e0       	ldi	r19, 0x00	; 0
    15ca:	81 e0       	ldi	r24, 0x01	; 1
    15cc:	90 e0       	ldi	r25, 0x00	; 0
    15ce:	02 c0       	rjmp	.+4      	; 0x15d4 <.L2^B13>

000015d0 <.L1^B13>:
    15d0:	88 0f       	add	r24, r24
    15d2:	99 1f       	adc	r25, r25

000015d4 <.L2^B13>:
    15d4:	2a 95       	dec	r18
    15d6:	e2 f7       	brpl	.-8      	; 0x15d0 <.L1^B13>
    15d8:	80 95       	com	r24
    15da:	24 2f       	mov	r18, r20
    15dc:	28 23       	and	r18, r24
    15de:	8b e3       	ldi	r24, 0x3B	; 59
    15e0:	90 e0       	ldi	r25, 0x00	; 0
    15e2:	fc 01       	movw	r30, r24
    15e4:	20 83       	st	Z, r18

000015e6 <.Loc.63>:
    15e6:	48 c0       	rjmp	.+144    	; 0x1678 <.L28>

000015e8 <.L40>:
                    case DIO_GroupB:ClearBit(PORTB_Reg,PinNo);break;
    15e8:	88 e3       	ldi	r24, 0x38	; 56
    15ea:	90 e0       	ldi	r25, 0x00	; 0
    15ec:	fc 01       	movw	r30, r24
    15ee:	80 81       	ld	r24, Z
    15f0:	48 2f       	mov	r20, r24
    15f2:	8a 81       	ldd	r24, Y+2	; 0x02
    15f4:	28 2f       	mov	r18, r24
    15f6:	30 e0       	ldi	r19, 0x00	; 0
    15f8:	81 e0       	ldi	r24, 0x01	; 1
    15fa:	90 e0       	ldi	r25, 0x00	; 0
    15fc:	02 c0       	rjmp	.+4      	; 0x1602 <.L2^B14>

000015fe <.L1^B14>:
    15fe:	88 0f       	add	r24, r24
    1600:	99 1f       	adc	r25, r25

00001602 <.L2^B14>:
    1602:	2a 95       	dec	r18
    1604:	e2 f7       	brpl	.-8      	; 0x15fe <.L1^B14>
    1606:	80 95       	com	r24
    1608:	24 2f       	mov	r18, r20
    160a:	28 23       	and	r18, r24
    160c:	88 e3       	ldi	r24, 0x38	; 56
    160e:	90 e0       	ldi	r25, 0x00	; 0
    1610:	fc 01       	movw	r30, r24
    1612:	20 83       	st	Z, r18

00001614 <.Loc.65>:
    1614:	31 c0       	rjmp	.+98     	; 0x1678 <.L28>

00001616 <.L38>:
                    case DIO_GroupC:ClearBit(PORTC_Reg,PinNo);break;
    1616:	85 e3       	ldi	r24, 0x35	; 53
    1618:	90 e0       	ldi	r25, 0x00	; 0
    161a:	fc 01       	movw	r30, r24
    161c:	80 81       	ld	r24, Z
    161e:	48 2f       	mov	r20, r24
    1620:	8a 81       	ldd	r24, Y+2	; 0x02
    1622:	28 2f       	mov	r18, r24
    1624:	30 e0       	ldi	r19, 0x00	; 0
    1626:	81 e0       	ldi	r24, 0x01	; 1
    1628:	90 e0       	ldi	r25, 0x00	; 0
    162a:	02 c0       	rjmp	.+4      	; 0x1630 <.L2^B15>

0000162c <.L1^B15>:
    162c:	88 0f       	add	r24, r24
    162e:	99 1f       	adc	r25, r25

00001630 <.L2^B15>:
    1630:	2a 95       	dec	r18
    1632:	e2 f7       	brpl	.-8      	; 0x162c <.L1^B15>
    1634:	80 95       	com	r24
    1636:	24 2f       	mov	r18, r20
    1638:	28 23       	and	r18, r24
    163a:	85 e3       	ldi	r24, 0x35	; 53
    163c:	90 e0       	ldi	r25, 0x00	; 0
    163e:	fc 01       	movw	r30, r24
    1640:	20 83       	st	Z, r18

00001642 <.Loc.67>:
    1642:	1a c0       	rjmp	.+52     	; 0x1678 <.L28>

00001644 <.L36>:
                    case DIO_GroupD:ClearBit(PORTD_Reg,PinNo);break;
    1644:	82 e3       	ldi	r24, 0x32	; 50
    1646:	90 e0       	ldi	r25, 0x00	; 0
    1648:	fc 01       	movw	r30, r24
    164a:	80 81       	ld	r24, Z
    164c:	48 2f       	mov	r20, r24
    164e:	8a 81       	ldd	r24, Y+2	; 0x02
    1650:	28 2f       	mov	r18, r24
    1652:	30 e0       	ldi	r19, 0x00	; 0
    1654:	81 e0       	ldi	r24, 0x01	; 1
    1656:	90 e0       	ldi	r25, 0x00	; 0
    1658:	02 c0       	rjmp	.+4      	; 0x165e <.L2^B16>

0000165a <.L1^B16>:
    165a:	88 0f       	add	r24, r24
    165c:	99 1f       	adc	r25, r25

0000165e <.L2^B16>:
    165e:	2a 95       	dec	r18
    1660:	e2 f7       	brpl	.-8      	; 0x165a <.L1^B16>
    1662:	80 95       	com	r24
    1664:	24 2f       	mov	r18, r20
    1666:	28 23       	and	r18, r24
    1668:	82 e3       	ldi	r24, 0x32	; 50
    166a:	90 e0       	ldi	r25, 0x00	; 0
    166c:	fc 01       	movw	r30, r24
    166e:	20 83       	st	Z, r18

00001670 <.Loc.69>:
    1670:	03 c0       	rjmp	.+6      	; 0x1678 <.L28>

00001672 <.L43>:
                    default:break;
    1672:	00 00       	nop
    1674:	01 c0       	rjmp	.+2      	; 0x1678 <.L28>

00001676 <.L44>:
	...

00001678 <.L28>:
    }
    else
    {

    }
}
    1678:	00 00       	nop
    167a:	0f 90       	pop	r0
    167c:	0f 90       	pop	r0
    167e:	0f 90       	pop	r0
    1680:	df 91       	pop	r29
    1682:	cf 91       	pop	r28
    1684:	08 95       	ret

00001686 <DIO_WriteGroup>:
void DIO_WriteGroup(const uint8_t GroupName,  const uint8_t OutputValue)
{
    1686:	cf 93       	push	r28
    1688:	df 93       	push	r29
    168a:	00 d0       	rcall	.+0      	; 0x168c <L0^A>

0000168c <L0^A>:
    168c:	cd b7       	in	r28, 0x3d	; 61
    168e:	de b7       	in	r29, 0x3e	; 62
    1690:	89 83       	std	Y+1, r24	; 0x01
    1692:	6a 83       	std	Y+2, r22	; 0x02

00001694 <.Loc.74>:
    switch(GroupName)
    1694:	89 81       	ldd	r24, Y+1	; 0x01
    1696:	88 2f       	mov	r24, r24
    1698:	90 e0       	ldi	r25, 0x00	; 0
    169a:	83 30       	cpi	r24, 0x03	; 3
    169c:	91 05       	cpc	r25, r1
    169e:	09 f1       	breq	.+66     	; 0x16e2 <.L46>
    16a0:	84 30       	cpi	r24, 0x04	; 4
    16a2:	91 05       	cpc	r25, r1
    16a4:	24 f5       	brge	.+72     	; 0x16ee <.L47>
    16a6:	82 30       	cpi	r24, 0x02	; 2
    16a8:	91 05       	cpc	r25, r1
    16aa:	a9 f0       	breq	.+42     	; 0x16d6 <.L48>
    16ac:	83 30       	cpi	r24, 0x03	; 3
    16ae:	91 05       	cpc	r25, r1
    16b0:	f4 f4       	brge	.+60     	; 0x16ee <.L47>
    16b2:	00 97       	sbiw	r24, 0x00	; 0
    16b4:	21 f0       	breq	.+8      	; 0x16be <.L49>
    16b6:	81 30       	cpi	r24, 0x01	; 1
    16b8:	91 05       	cpc	r25, r1
    16ba:	39 f0       	breq	.+14     	; 0x16ca <.L50>

000016bc <.Loc.75>:
        case DIO_GroupB:PORTB_Reg=OutputValue;break;
        case DIO_GroupC:PORTC_Reg=OutputValue;break;
        case DIO_GroupD:PORTD_Reg=OutputValue;break;
        
    }
}
    16bc:	18 c0       	rjmp	.+48     	; 0x16ee <.L47>

000016be <.L49>:
        case DIO_GroupA:PORTA_Reg=OutputValue;break;
    16be:	8b e3       	ldi	r24, 0x3B	; 59
    16c0:	90 e0       	ldi	r25, 0x00	; 0

000016c2 <.Loc.77>:
    16c2:	2a 81       	ldd	r18, Y+2	; 0x02
    16c4:	fc 01       	movw	r30, r24
    16c6:	20 83       	st	Z, r18

000016c8 <.Loc.78>:
    16c8:	12 c0       	rjmp	.+36     	; 0x16ee <.L47>

000016ca <.L50>:
        case DIO_GroupB:PORTB_Reg=OutputValue;break;
    16ca:	88 e3       	ldi	r24, 0x38	; 56
    16cc:	90 e0       	ldi	r25, 0x00	; 0

000016ce <.Loc.80>:
    16ce:	2a 81       	ldd	r18, Y+2	; 0x02
    16d0:	fc 01       	movw	r30, r24
    16d2:	20 83       	st	Z, r18

000016d4 <.Loc.81>:
    16d4:	0c c0       	rjmp	.+24     	; 0x16ee <.L47>

000016d6 <.L48>:
        case DIO_GroupC:PORTC_Reg=OutputValue;break;
    16d6:	85 e3       	ldi	r24, 0x35	; 53
    16d8:	90 e0       	ldi	r25, 0x00	; 0

000016da <.Loc.83>:
    16da:	2a 81       	ldd	r18, Y+2	; 0x02
    16dc:	fc 01       	movw	r30, r24
    16de:	20 83       	st	Z, r18

000016e0 <.Loc.84>:
    16e0:	06 c0       	rjmp	.+12     	; 0x16ee <.L47>

000016e2 <.L46>:
        case DIO_GroupD:PORTD_Reg=OutputValue;break;
    16e2:	82 e3       	ldi	r24, 0x32	; 50
    16e4:	90 e0       	ldi	r25, 0x00	; 0

000016e6 <.Loc.86>:
    16e6:	2a 81       	ldd	r18, Y+2	; 0x02
    16e8:	fc 01       	movw	r30, r24
    16ea:	20 83       	st	Z, r18

000016ec <.Loc.87>:
	...

000016ee <.L47>:
}
    16ee:	00 00       	nop
    16f0:	0f 90       	pop	r0
    16f2:	0f 90       	pop	r0
    16f4:	df 91       	pop	r29
    16f6:	cf 91       	pop	r28
    16f8:	08 95       	ret

000016fa <DIO_ReadPin>:

// InputState 
void DIO_ReadPin(const uint8_t GroupName , const uint8_t PinNo, uint8_t *InputState)
{
    16fa:	cf 93       	push	r28
    16fc:	df 93       	push	r29
    16fe:	00 d0       	rcall	.+0      	; 0x1700 <L0^A>

00001700 <L0^A>:
    1700:	00 d0       	rcall	.+0      	; 0x1702 <L0^A>

00001702 <L0^A>:
    1702:	cd b7       	in	r28, 0x3d	; 61
    1704:	de b7       	in	r29, 0x3e	; 62
    1706:	89 83       	std	Y+1, r24	; 0x01
    1708:	6a 83       	std	Y+2, r22	; 0x02
    170a:	5c 83       	std	Y+4, r21	; 0x04
    170c:	4b 83       	std	Y+3, r20	; 0x03

0000170e <.Loc.90>:
    if(InputState!=NULL)
    170e:	8b 81       	ldd	r24, Y+3	; 0x03
    1710:	9c 81       	ldd	r25, Y+4	; 0x04
    1712:	00 97       	sbiw	r24, 0x00	; 0
    1714:	09 f4       	brne	.+2      	; 0x1718 <.Loc.91>

00001716 <L0^A>:
    1716:	7c c0       	rjmp	.+248    	; 0x1810 <.L53>

00001718 <.Loc.91>:
    {
        if(PinNo<=DIO_Pin7)
    1718:	8a 81       	ldd	r24, Y+2	; 0x02
    171a:	88 30       	cpi	r24, 0x08	; 8
    171c:	08 f0       	brcs	.+2      	; 0x1720 <.Loc.92>

0000171e <L0^A>:
    171e:	72 c0       	rjmp	.+228    	; 0x1804 <.L54>

00001720 <.Loc.92>:
        {
            switch(GroupName)
    1720:	89 81       	ldd	r24, Y+1	; 0x01
    1722:	88 2f       	mov	r24, r24
    1724:	90 e0       	ldi	r25, 0x00	; 0
    1726:	83 30       	cpi	r24, 0x03	; 3
    1728:	91 05       	cpc	r25, r1
    172a:	09 f4       	brne	.+2      	; 0x172e <L0^A+0x2>

0000172c <L0^A>:
    172c:	50 c0       	rjmp	.+160    	; 0x17ce <.L55>
    172e:	84 30       	cpi	r24, 0x04	; 4
    1730:	91 05       	cpc	r25, r1
    1732:	0c f0       	brlt	.+2      	; 0x1736 <L0^A+0x2>

00001734 <L0^A>:
    1734:	61 c0       	rjmp	.+194    	; 0x17f8 <.L56>
    1736:	82 30       	cpi	r24, 0x02	; 2
    1738:	91 05       	cpc	r25, r1
    173a:	a1 f1       	breq	.+104    	; 0x17a4 <.L57>
    173c:	83 30       	cpi	r24, 0x03	; 3
    173e:	91 05       	cpc	r25, r1
    1740:	0c f0       	brlt	.+2      	; 0x1744 <L0^A+0x2>

00001742 <L0^A>:
    1742:	5a c0       	rjmp	.+180    	; 0x17f8 <.L56>
    1744:	00 97       	sbiw	r24, 0x00	; 0
    1746:	21 f0       	breq	.+8      	; 0x1750 <.L58>
    1748:	81 30       	cpi	r24, 0x01	; 1
    174a:	91 05       	cpc	r25, r1
    174c:	b1 f0       	breq	.+44     	; 0x177a <.L59>
    174e:	54 c0       	rjmp	.+168    	; 0x17f8 <.L56>

00001750 <.L58>:
            {
                case DIO_GroupA:*InputState=ReadBit(PINA_Reg,PinNo);break;
    1750:	89 e3       	ldi	r24, 0x39	; 57
    1752:	90 e0       	ldi	r25, 0x00	; 0
    1754:	fc 01       	movw	r30, r24
    1756:	80 81       	ld	r24, Z
    1758:	88 2f       	mov	r24, r24
    175a:	90 e0       	ldi	r25, 0x00	; 0
    175c:	2a 81       	ldd	r18, Y+2	; 0x02
    175e:	22 2f       	mov	r18, r18
    1760:	30 e0       	ldi	r19, 0x00	; 0
    1762:	02 c0       	rjmp	.+4      	; 0x1768 <.L2^B17>

00001764 <.L1^B17>:
    1764:	95 95       	asr	r25
    1766:	87 95       	ror	r24

00001768 <.L2^B17>:
    1768:	2a 95       	dec	r18
    176a:	e2 f7       	brpl	.-8      	; 0x1764 <.L1^B17>
    176c:	28 2f       	mov	r18, r24
    176e:	21 70       	andi	r18, 0x01	; 1

00001770 <.Loc.94>:
    1770:	8b 81       	ldd	r24, Y+3	; 0x03
    1772:	9c 81       	ldd	r25, Y+4	; 0x04
    1774:	fc 01       	movw	r30, r24
    1776:	20 83       	st	Z, r18

00001778 <.Loc.95>:
    1778:	51 c0       	rjmp	.+162    	; 0x181c <.L61>

0000177a <.L59>:
                case DIO_GroupB:*InputState=ReadBit(PINB_Reg,PinNo);break;
    177a:	86 e3       	ldi	r24, 0x36	; 54
    177c:	90 e0       	ldi	r25, 0x00	; 0
    177e:	fc 01       	movw	r30, r24
    1780:	80 81       	ld	r24, Z
    1782:	88 2f       	mov	r24, r24
    1784:	90 e0       	ldi	r25, 0x00	; 0
    1786:	2a 81       	ldd	r18, Y+2	; 0x02
    1788:	22 2f       	mov	r18, r18
    178a:	30 e0       	ldi	r19, 0x00	; 0
    178c:	02 c0       	rjmp	.+4      	; 0x1792 <.L2^B18>

0000178e <.L1^B18>:
    178e:	95 95       	asr	r25
    1790:	87 95       	ror	r24

00001792 <.L2^B18>:
    1792:	2a 95       	dec	r18
    1794:	e2 f7       	brpl	.-8      	; 0x178e <.L1^B18>
    1796:	28 2f       	mov	r18, r24
    1798:	21 70       	andi	r18, 0x01	; 1

0000179a <.Loc.97>:
    179a:	8b 81       	ldd	r24, Y+3	; 0x03
    179c:	9c 81       	ldd	r25, Y+4	; 0x04
    179e:	fc 01       	movw	r30, r24
    17a0:	20 83       	st	Z, r18

000017a2 <.Loc.98>:
    17a2:	3c c0       	rjmp	.+120    	; 0x181c <.L61>

000017a4 <.L57>:
                case DIO_GroupC:*InputState=ReadBit(PINC_Reg,PinNo);break;
    17a4:	83 e3       	ldi	r24, 0x33	; 51
    17a6:	90 e0       	ldi	r25, 0x00	; 0
    17a8:	fc 01       	movw	r30, r24
    17aa:	80 81       	ld	r24, Z
    17ac:	88 2f       	mov	r24, r24
    17ae:	90 e0       	ldi	r25, 0x00	; 0
    17b0:	2a 81       	ldd	r18, Y+2	; 0x02
    17b2:	22 2f       	mov	r18, r18
    17b4:	30 e0       	ldi	r19, 0x00	; 0
    17b6:	02 c0       	rjmp	.+4      	; 0x17bc <.L2^B19>

000017b8 <.L1^B19>:
    17b8:	95 95       	asr	r25
    17ba:	87 95       	ror	r24

000017bc <.L2^B19>:
    17bc:	2a 95       	dec	r18
    17be:	e2 f7       	brpl	.-8      	; 0x17b8 <.L1^B19>
    17c0:	28 2f       	mov	r18, r24
    17c2:	21 70       	andi	r18, 0x01	; 1

000017c4 <.Loc.100>:
    17c4:	8b 81       	ldd	r24, Y+3	; 0x03
    17c6:	9c 81       	ldd	r25, Y+4	; 0x04
    17c8:	fc 01       	movw	r30, r24
    17ca:	20 83       	st	Z, r18

000017cc <.Loc.101>:
    17cc:	27 c0       	rjmp	.+78     	; 0x181c <.L61>

000017ce <.L55>:
                case DIO_GroupD:*InputState=ReadBit(PIND_Reg,PinNo);break;
    17ce:	80 e3       	ldi	r24, 0x30	; 48
    17d0:	90 e0       	ldi	r25, 0x00	; 0
    17d2:	fc 01       	movw	r30, r24
    17d4:	80 81       	ld	r24, Z
    17d6:	88 2f       	mov	r24, r24
    17d8:	90 e0       	ldi	r25, 0x00	; 0
    17da:	2a 81       	ldd	r18, Y+2	; 0x02
    17dc:	22 2f       	mov	r18, r18
    17de:	30 e0       	ldi	r19, 0x00	; 0
    17e0:	02 c0       	rjmp	.+4      	; 0x17e6 <.L2^B20>

000017e2 <.L1^B20>:
    17e2:	95 95       	asr	r25
    17e4:	87 95       	ror	r24

000017e6 <.L2^B20>:
    17e6:	2a 95       	dec	r18
    17e8:	e2 f7       	brpl	.-8      	; 0x17e2 <.L1^B20>
    17ea:	28 2f       	mov	r18, r24
    17ec:	21 70       	andi	r18, 0x01	; 1

000017ee <.Loc.103>:
    17ee:	8b 81       	ldd	r24, Y+3	; 0x03
    17f0:	9c 81       	ldd	r25, Y+4	; 0x04
    17f2:	fc 01       	movw	r30, r24
    17f4:	20 83       	st	Z, r18

000017f6 <.Loc.104>:
    17f6:	12 c0       	rjmp	.+36     	; 0x181c <.L61>

000017f8 <.L56>:
                default:*InputState=0xFF;
    17f8:	8b 81       	ldd	r24, Y+3	; 0x03
    17fa:	9c 81       	ldd	r25, Y+4	; 0x04
    17fc:	2f ef       	ldi	r18, 0xFF	; 255
    17fe:	fc 01       	movw	r30, r24
    1800:	20 83       	st	Z, r18

00001802 <.Loc.106>:
    else
    {
        *InputState=0xFF;
    }

}
    1802:	0c c0       	rjmp	.+24     	; 0x181c <.L61>

00001804 <.L54>:
            *InputState=0xFF;
    1804:	8b 81       	ldd	r24, Y+3	; 0x03
    1806:	9c 81       	ldd	r25, Y+4	; 0x04
    1808:	2f ef       	ldi	r18, 0xFF	; 255
    180a:	fc 01       	movw	r30, r24
    180c:	20 83       	st	Z, r18

0000180e <.Loc.108>:
}
    180e:	06 c0       	rjmp	.+12     	; 0x181c <.L61>

00001810 <.L53>:
        *InputState=0xFF;
    1810:	8b 81       	ldd	r24, Y+3	; 0x03
    1812:	9c 81       	ldd	r25, Y+4	; 0x04
    1814:	2f ef       	ldi	r18, 0xFF	; 255
    1816:	fc 01       	movw	r30, r24
    1818:	20 83       	st	Z, r18

0000181a <.Loc.110>:
}
    181a:	00 c0       	rjmp	.+0      	; 0x181c <.L61>

0000181c <.L61>:
    181c:	00 00       	nop
    181e:	0f 90       	pop	r0
    1820:	0f 90       	pop	r0
    1822:	0f 90       	pop	r0
    1824:	0f 90       	pop	r0
    1826:	df 91       	pop	r29
    1828:	cf 91       	pop	r28
    182a:	08 95       	ret

0000182c <DIO_ReadGroup>:
// uint8_t DIO_ReadPin(const uint8_t GroupName , const uint8_t PinNo);
void DIO_ReadGroup(const uint8_t GroupName , uint8_t *InputState)
{
    182c:	cf 93       	push	r28
    182e:	df 93       	push	r29
    1830:	00 d0       	rcall	.+0      	; 0x1832 <L0^A>

00001832 <L0^A>:
    1832:	0f 92       	push	r0
    1834:	cd b7       	in	r28, 0x3d	; 61
    1836:	de b7       	in	r29, 0x3e	; 62
    1838:	89 83       	std	Y+1, r24	; 0x01
    183a:	7b 83       	std	Y+3, r23	; 0x03
    183c:	6a 83       	std	Y+2, r22	; 0x02

0000183e <.Loc.112>:
    
}
    183e:	00 00       	nop
    1840:	0f 90       	pop	r0
    1842:	0f 90       	pop	r0
    1844:	0f 90       	pop	r0
    1846:	df 91       	pop	r29
    1848:	cf 91       	pop	r28
    184a:	08 95       	ret

0000184c <DIO_TogglePin>:
// uint8_t DIO_ReadGroup(const uint8_t GroupName );


// Toggle 
void DIO_TogglePin(const uint8_t GroupName , const uint8_t PinNo)
{
    184c:	cf 93       	push	r28
    184e:	df 93       	push	r29
    1850:	00 d0       	rcall	.+0      	; 0x1852 <L0^A>

00001852 <L0^A>:
    1852:	cd b7       	in	r28, 0x3d	; 61
    1854:	de b7       	in	r29, 0x3e	; 62
    1856:	89 83       	std	Y+1, r24	; 0x01
    1858:	6a 83       	std	Y+2, r22	; 0x02

0000185a <.Loc.114>:
       if ((GroupName <= DIO_GroupD) &&
    185a:	89 81       	ldd	r24, Y+1	; 0x01
    185c:	84 30       	cpi	r24, 0x04	; 4
    185e:	08 f0       	brcs	.+2      	; 0x1862 <.Loc.115>

00001860 <L0^A>:
    1860:	75 c0       	rjmp	.+234    	; 0x194c <.L65>

00001862 <.Loc.115>:
    1862:	8a 81       	ldd	r24, Y+2	; 0x02
    1864:	88 30       	cpi	r24, 0x08	; 8
    1866:	08 f0       	brcs	.+2      	; 0x186a <.Loc.116>

00001868 <L0^A>:
    1868:	71 c0       	rjmp	.+226    	; 0x194c <.L65>

0000186a <.Loc.116>:
        (PinNo <= DIO_Pin7))
    {
        switch (GroupName)
    186a:	89 81       	ldd	r24, Y+1	; 0x01
    186c:	88 2f       	mov	r24, r24
    186e:	90 e0       	ldi	r25, 0x00	; 0
    1870:	83 30       	cpi	r24, 0x03	; 3
    1872:	91 05       	cpc	r25, r1
    1874:	09 f4       	brne	.+2      	; 0x1878 <L0^A+0x2>

00001876 <L0^A>:
    1876:	53 c0       	rjmp	.+166    	; 0x191e <.L66>
    1878:	84 30       	cpi	r24, 0x04	; 4
    187a:	91 05       	cpc	r25, r1
    187c:	0c f0       	brlt	.+2      	; 0x1880 <L0^A+0x2>

0000187e <L0^A>:
    187e:	65 c0       	rjmp	.+202    	; 0x194a <.L73>
    1880:	82 30       	cpi	r24, 0x02	; 2
    1882:	91 05       	cpc	r25, r1
    1884:	b1 f1       	breq	.+108    	; 0x18f2 <.L68>
    1886:	83 30       	cpi	r24, 0x03	; 3
    1888:	91 05       	cpc	r25, r1
    188a:	0c f0       	brlt	.+2      	; 0x188e <L0^A+0x2>

0000188c <L0^A>:
    188c:	5e c0       	rjmp	.+188    	; 0x194a <.L73>
    188e:	00 97       	sbiw	r24, 0x00	; 0
    1890:	21 f0       	breq	.+8      	; 0x189a <.L69>
    1892:	81 30       	cpi	r24, 0x01	; 1
    1894:	91 05       	cpc	r25, r1
    1896:	b9 f0       	breq	.+46     	; 0x18c6 <.L70>

00001898 <.Loc.117>:
            ToggleBit(PORTD_Reg, PinNo);
            break;

        default:
            /* Invalid GroupName */
            break;
    1898:	58 c0       	rjmp	.+176    	; 0x194a <.L73>

0000189a <.L69>:
            ToggleBit(PORTA_Reg, PinNo);
    189a:	8b e3       	ldi	r24, 0x3B	; 59
    189c:	90 e0       	ldi	r25, 0x00	; 0
    189e:	fc 01       	movw	r30, r24
    18a0:	80 81       	ld	r24, Z
    18a2:	48 2f       	mov	r20, r24
    18a4:	8a 81       	ldd	r24, Y+2	; 0x02
    18a6:	28 2f       	mov	r18, r24
    18a8:	30 e0       	ldi	r19, 0x00	; 0
    18aa:	81 e0       	ldi	r24, 0x01	; 1
    18ac:	90 e0       	ldi	r25, 0x00	; 0
    18ae:	02 c0       	rjmp	.+4      	; 0x18b4 <.L2^B21>

000018b0 <.L1^B21>:
    18b0:	88 0f       	add	r24, r24
    18b2:	99 1f       	adc	r25, r25

000018b4 <.L2^B21>:
    18b4:	2a 95       	dec	r18
    18b6:	e2 f7       	brpl	.-8      	; 0x18b0 <.L1^B21>
    18b8:	24 2f       	mov	r18, r20
    18ba:	28 27       	eor	r18, r24
    18bc:	8b e3       	ldi	r24, 0x3B	; 59
    18be:	90 e0       	ldi	r25, 0x00	; 0
    18c0:	fc 01       	movw	r30, r24
    18c2:	20 83       	st	Z, r18

000018c4 <.Loc.119>:
            break;
    18c4:	43 c0       	rjmp	.+134    	; 0x194c <.L65>

000018c6 <.L70>:
            ToggleBit(PORTB_Reg, PinNo);
    18c6:	88 e3       	ldi	r24, 0x38	; 56
    18c8:	90 e0       	ldi	r25, 0x00	; 0
    18ca:	fc 01       	movw	r30, r24
    18cc:	80 81       	ld	r24, Z
    18ce:	48 2f       	mov	r20, r24
    18d0:	8a 81       	ldd	r24, Y+2	; 0x02
    18d2:	28 2f       	mov	r18, r24
    18d4:	30 e0       	ldi	r19, 0x00	; 0
    18d6:	81 e0       	ldi	r24, 0x01	; 1
    18d8:	90 e0       	ldi	r25, 0x00	; 0
    18da:	02 c0       	rjmp	.+4      	; 0x18e0 <.L2^B22>

000018dc <.L1^B22>:
    18dc:	88 0f       	add	r24, r24
    18de:	99 1f       	adc	r25, r25

000018e0 <.L2^B22>:
    18e0:	2a 95       	dec	r18
    18e2:	e2 f7       	brpl	.-8      	; 0x18dc <.L1^B22>
    18e4:	24 2f       	mov	r18, r20
    18e6:	28 27       	eor	r18, r24
    18e8:	88 e3       	ldi	r24, 0x38	; 56
    18ea:	90 e0       	ldi	r25, 0x00	; 0
    18ec:	fc 01       	movw	r30, r24
    18ee:	20 83       	st	Z, r18

000018f0 <.Loc.121>:
            break;
    18f0:	2d c0       	rjmp	.+90     	; 0x194c <.L65>

000018f2 <.L68>:
            ToggleBit(PORTC_Reg, PinNo);
    18f2:	85 e3       	ldi	r24, 0x35	; 53
    18f4:	90 e0       	ldi	r25, 0x00	; 0
    18f6:	fc 01       	movw	r30, r24
    18f8:	80 81       	ld	r24, Z
    18fa:	48 2f       	mov	r20, r24
    18fc:	8a 81       	ldd	r24, Y+2	; 0x02
    18fe:	28 2f       	mov	r18, r24
    1900:	30 e0       	ldi	r19, 0x00	; 0
    1902:	81 e0       	ldi	r24, 0x01	; 1
    1904:	90 e0       	ldi	r25, 0x00	; 0
    1906:	02 c0       	rjmp	.+4      	; 0x190c <.L2^B23>

00001908 <.L1^B23>:
    1908:	88 0f       	add	r24, r24
    190a:	99 1f       	adc	r25, r25

0000190c <.L2^B23>:
    190c:	2a 95       	dec	r18
    190e:	e2 f7       	brpl	.-8      	; 0x1908 <.L1^B23>
    1910:	24 2f       	mov	r18, r20
    1912:	28 27       	eor	r18, r24
    1914:	85 e3       	ldi	r24, 0x35	; 53
    1916:	90 e0       	ldi	r25, 0x00	; 0
    1918:	fc 01       	movw	r30, r24
    191a:	20 83       	st	Z, r18

0000191c <.Loc.123>:
            break;
    191c:	17 c0       	rjmp	.+46     	; 0x194c <.L65>

0000191e <.L66>:
            ToggleBit(PORTD_Reg, PinNo);
    191e:	82 e3       	ldi	r24, 0x32	; 50
    1920:	90 e0       	ldi	r25, 0x00	; 0
    1922:	fc 01       	movw	r30, r24
    1924:	80 81       	ld	r24, Z
    1926:	48 2f       	mov	r20, r24
    1928:	8a 81       	ldd	r24, Y+2	; 0x02
    192a:	28 2f       	mov	r18, r24
    192c:	30 e0       	ldi	r19, 0x00	; 0
    192e:	81 e0       	ldi	r24, 0x01	; 1
    1930:	90 e0       	ldi	r25, 0x00	; 0
    1932:	02 c0       	rjmp	.+4      	; 0x1938 <.L2^B24>

00001934 <.L1^B24>:
    1934:	88 0f       	add	r24, r24
    1936:	99 1f       	adc	r25, r25

00001938 <.L2^B24>:
    1938:	2a 95       	dec	r18
    193a:	e2 f7       	brpl	.-8      	; 0x1934 <.L1^B24>
    193c:	24 2f       	mov	r18, r20
    193e:	28 27       	eor	r18, r24
    1940:	82 e3       	ldi	r24, 0x32	; 50
    1942:	90 e0       	ldi	r25, 0x00	; 0
    1944:	fc 01       	movw	r30, r24
    1946:	20 83       	st	Z, r18

00001948 <.Loc.125>:
            break;
    1948:	01 c0       	rjmp	.+2      	; 0x194c <.L65>

0000194a <.L73>:
	...

0000194c <.L65>:
    }
    else
    {
        /* Invalid GroupName or PinNo */
    }
}
    194c:	00 00       	nop
    194e:	0f 90       	pop	r0
    1950:	0f 90       	pop	r0
    1952:	df 91       	pop	r29
    1954:	cf 91       	pop	r28
    1956:	08 95       	ret

00001958 <DIO_ToggleGroup>:
void DIO_ToggleGroup(const uint8_t GroupName )
{
    1958:	cf 93       	push	r28
    195a:	df 93       	push	r29
    195c:	0f 92       	push	r0
    195e:	cd b7       	in	r28, 0x3d	; 61
    1960:	de b7       	in	r29, 0x3e	; 62
    1962:	89 83       	std	Y+1, r24	; 0x01

00001964 <.Loc.129>:
    
    1964:	00 00       	nop
    1966:	0f 90       	pop	r0
    1968:	df 91       	pop	r29
    196a:	cf 91       	pop	r28
    196c:	08 95       	ret

0000196e <EXTI_Init>:
#include "EXTI_Interface.h"


/*API's*/
void EXTI_Init(uint8_t InterruptNumber,uint8_t SensControl)
{
    196e:	cf 93       	push	r28
    1970:	df 93       	push	r29
    1972:	00 d0       	rcall	.+0      	; 0x1974 <L0^A>

00001974 <L0^A>:
    1974:	cd b7       	in	r28, 0x3d	; 61
    1976:	de b7       	in	r29, 0x3e	; 62
    1978:	89 83       	std	Y+1, r24	; 0x01
    197a:	6a 83       	std	Y+2, r22	; 0x02

0000197c <.Loc.1>:
    if(InterruptNumber==EXTI0) //MCUCR    ISC00 ISC01
    197c:	89 81       	ldd	r24, Y+1	; 0x01
    197e:	81 15       	cp	r24, r1
    1980:	09 f0       	breq	.+2      	; 0x1984 <.Loc.2>

00001982 <L0^A>:
    1982:	60 c0       	rjmp	.+192    	; 0x1a44 <.L7>

00001984 <.Loc.2>:
    {
        if(SensControl== EXTI_LowLevel)
    1984:	8a 81       	ldd	r24, Y+2	; 0x02
    1986:	81 15       	cp	r24, r1
    1988:	99 f4       	brne	.+38     	; 0x19b0 <.L3>

0000198a <.Loc.3>:
        {
            ClearBit(MCUCR_Reg,Bit_ISC00);
    198a:	85 e5       	ldi	r24, 0x55	; 85
    198c:	90 e0       	ldi	r25, 0x00	; 0
    198e:	fc 01       	movw	r30, r24
    1990:	20 81       	ld	r18, Z
    1992:	85 e5       	ldi	r24, 0x55	; 85
    1994:	90 e0       	ldi	r25, 0x00	; 0
    1996:	2e 7f       	andi	r18, 0xFE	; 254
    1998:	fc 01       	movw	r30, r24
    199a:	20 83       	st	Z, r18

0000199c <.Loc.4>:
            ClearBit(MCUCR_Reg,Bit_ISC01);
    199c:	85 e5       	ldi	r24, 0x55	; 85
    199e:	90 e0       	ldi	r25, 0x00	; 0
    19a0:	fc 01       	movw	r30, r24
    19a2:	20 81       	ld	r18, Z
    19a4:	85 e5       	ldi	r24, 0x55	; 85
    19a6:	90 e0       	ldi	r25, 0x00	; 0
    19a8:	2d 7f       	andi	r18, 0xFD	; 253
    19aa:	fc 01       	movw	r30, r24
    19ac:	20 83       	st	Z, r18
    19ae:	41 c0       	rjmp	.+130    	; 0x1a32 <.L4>

000019b0 <.L3>:
        }
        else if (SensControl==EXTI_AnyLogic)
    19b0:	8a 81       	ldd	r24, Y+2	; 0x02
    19b2:	81 30       	cpi	r24, 0x01	; 1
    19b4:	99 f4       	brne	.+38     	; 0x19dc <.L5>

000019b6 <.Loc.6>:
        {
            SetBit  (MCUCR_Reg,Bit_ISC00);
    19b6:	85 e5       	ldi	r24, 0x55	; 85
    19b8:	90 e0       	ldi	r25, 0x00	; 0
    19ba:	fc 01       	movw	r30, r24
    19bc:	20 81       	ld	r18, Z
    19be:	85 e5       	ldi	r24, 0x55	; 85
    19c0:	90 e0       	ldi	r25, 0x00	; 0
    19c2:	21 60       	ori	r18, 0x01	; 1
    19c4:	fc 01       	movw	r30, r24
    19c6:	20 83       	st	Z, r18

000019c8 <.Loc.7>:
            ClearBit(MCUCR_Reg,Bit_ISC01);
    19c8:	85 e5       	ldi	r24, 0x55	; 85
    19ca:	90 e0       	ldi	r25, 0x00	; 0
    19cc:	fc 01       	movw	r30, r24
    19ce:	20 81       	ld	r18, Z
    19d0:	85 e5       	ldi	r24, 0x55	; 85
    19d2:	90 e0       	ldi	r25, 0x00	; 0
    19d4:	2d 7f       	andi	r18, 0xFD	; 253
    19d6:	fc 01       	movw	r30, r24
    19d8:	20 83       	st	Z, r18
    19da:	2b c0       	rjmp	.+86     	; 0x1a32 <.L4>

000019dc <.L5>:
        }
        else if (SensControl==EXTI_Falling)
    19dc:	8a 81       	ldd	r24, Y+2	; 0x02
    19de:	82 30       	cpi	r24, 0x02	; 2
    19e0:	99 f4       	brne	.+38     	; 0x1a08 <.L6>

000019e2 <.Loc.9>:
        {
            ClearBit(MCUCR_Reg,Bit_ISC00);
    19e2:	85 e5       	ldi	r24, 0x55	; 85
    19e4:	90 e0       	ldi	r25, 0x00	; 0
    19e6:	fc 01       	movw	r30, r24
    19e8:	20 81       	ld	r18, Z
    19ea:	85 e5       	ldi	r24, 0x55	; 85
    19ec:	90 e0       	ldi	r25, 0x00	; 0
    19ee:	2e 7f       	andi	r18, 0xFE	; 254
    19f0:	fc 01       	movw	r30, r24
    19f2:	20 83       	st	Z, r18

000019f4 <.Loc.10>:
            SetBit(MCUCR_Reg,Bit_ISC01);
    19f4:	85 e5       	ldi	r24, 0x55	; 85
    19f6:	90 e0       	ldi	r25, 0x00	; 0
    19f8:	fc 01       	movw	r30, r24
    19fa:	20 81       	ld	r18, Z
    19fc:	85 e5       	ldi	r24, 0x55	; 85
    19fe:	90 e0       	ldi	r25, 0x00	; 0
    1a00:	22 60       	ori	r18, 0x02	; 2
    1a02:	fc 01       	movw	r30, r24
    1a04:	20 83       	st	Z, r18
    1a06:	15 c0       	rjmp	.+42     	; 0x1a32 <.L4>

00001a08 <.L6>:
        }
        else if (SensControl==EXTI_Rising)
    1a08:	8a 81       	ldd	r24, Y+2	; 0x02
    1a0a:	83 30       	cpi	r24, 0x03	; 3
    1a0c:	91 f4       	brne	.+36     	; 0x1a32 <.L4>

00001a0e <.Loc.12>:
        {
            SetBit(MCUCR_Reg,Bit_ISC00);
    1a0e:	85 e5       	ldi	r24, 0x55	; 85
    1a10:	90 e0       	ldi	r25, 0x00	; 0
    1a12:	fc 01       	movw	r30, r24
    1a14:	20 81       	ld	r18, Z
    1a16:	85 e5       	ldi	r24, 0x55	; 85
    1a18:	90 e0       	ldi	r25, 0x00	; 0
    1a1a:	21 60       	ori	r18, 0x01	; 1
    1a1c:	fc 01       	movw	r30, r24
    1a1e:	20 83       	st	Z, r18

00001a20 <.Loc.13>:
            SetBit(MCUCR_Reg,Bit_ISC01);
    1a20:	85 e5       	ldi	r24, 0x55	; 85
    1a22:	90 e0       	ldi	r25, 0x00	; 0
    1a24:	fc 01       	movw	r30, r24
    1a26:	20 81       	ld	r18, Z
    1a28:	85 e5       	ldi	r24, 0x55	; 85
    1a2a:	90 e0       	ldi	r25, 0x00	; 0
    1a2c:	22 60       	ori	r18, 0x02	; 2
    1a2e:	fc 01       	movw	r30, r24
    1a30:	20 83       	st	Z, r18

00001a32 <.L4>:
        {

        }
        // Enable for INT0 
        // GICR - INT0 -> 1 
        SetBit(GICR_Reg,Bit_INT0);
    1a32:	8b e5       	ldi	r24, 0x5B	; 91
    1a34:	90 e0       	ldi	r25, 0x00	; 0
    1a36:	fc 01       	movw	r30, r24
    1a38:	20 81       	ld	r18, Z
    1a3a:	8b e5       	ldi	r24, 0x5B	; 91
    1a3c:	90 e0       	ldi	r25, 0x00	; 0
    1a3e:	20 64       	ori	r18, 0x40	; 64
    1a40:	fc 01       	movw	r30, r24
    1a42:	20 83       	st	Z, r18

00001a44 <.L7>:
    }
    else
    {
        // @todo return the Error Code Wrong InterruptNumber 
    }
}
    1a44:	00 00       	nop
    1a46:	0f 90       	pop	r0
    1a48:	0f 90       	pop	r0
    1a4a:	df 91       	pop	r29
    1a4c:	cf 91       	pop	r28
    1a4e:	08 95       	ret

00001a50 <EXTI_Disable>:
void EXTI_Disable(uint8_t InterruptNumber)
{
    1a50:	cf 93       	push	r28
    1a52:	df 93       	push	r29
    1a54:	0f 92       	push	r0
    1a56:	cd b7       	in	r28, 0x3d	; 61
    1a58:	de b7       	in	r29, 0x3e	; 62
    1a5a:	89 83       	std	Y+1, r24	; 0x01

00001a5c <.Loc.17>:
    if(InterruptNumber==EXTI0)
    1a5c:	89 81       	ldd	r24, Y+1	; 0x01
    1a5e:	81 15       	cp	r24, r1
    1a60:	51 f4       	brne	.+20     	; 0x1a76 <.L9>

00001a62 <.Loc.18>:
    {
        ClearBit(GICR_Reg,Bit_INT0);
    1a62:	8b e5       	ldi	r24, 0x5B	; 91
    1a64:	90 e0       	ldi	r25, 0x00	; 0
    1a66:	fc 01       	movw	r30, r24
    1a68:	20 81       	ld	r18, Z
    1a6a:	8b e5       	ldi	r24, 0x5B	; 91
    1a6c:	90 e0       	ldi	r25, 0x00	; 0
    1a6e:	2f 7b       	andi	r18, 0xBF	; 191
    1a70:	fc 01       	movw	r30, r24
    1a72:	20 83       	st	Z, r18

00001a74 <.Loc.19>:
    }
    else
    {

    }
}
    1a74:	19 c0       	rjmp	.+50     	; 0x1aa8 <.L12>

00001a76 <.L9>:
    else if(InterruptNumber==EXTI1)
    1a76:	89 81       	ldd	r24, Y+1	; 0x01
    1a78:	81 30       	cpi	r24, 0x01	; 1
    1a7a:	51 f4       	brne	.+20     	; 0x1a90 <.L11>

00001a7c <.Loc.21>:
        ClearBit(GICR_Reg,Bit_INT1);
    1a7c:	8b e5       	ldi	r24, 0x5B	; 91
    1a7e:	90 e0       	ldi	r25, 0x00	; 0
    1a80:	fc 01       	movw	r30, r24
    1a82:	20 81       	ld	r18, Z
    1a84:	8b e5       	ldi	r24, 0x5B	; 91
    1a86:	90 e0       	ldi	r25, 0x00	; 0
    1a88:	2f 77       	andi	r18, 0x7F	; 127
    1a8a:	fc 01       	movw	r30, r24
    1a8c:	20 83       	st	Z, r18

00001a8e <.Loc.22>:
}
    1a8e:	0c c0       	rjmp	.+24     	; 0x1aa8 <.L12>

00001a90 <.L11>:
    else if(InterruptNumber==EXTI2)
    1a90:	89 81       	ldd	r24, Y+1	; 0x01
    1a92:	82 30       	cpi	r24, 0x02	; 2
    1a94:	49 f4       	brne	.+18     	; 0x1aa8 <.L12>

00001a96 <.Loc.24>:
        ClearBit(GICR_Reg,Bit_INT2);
    1a96:	8b e5       	ldi	r24, 0x5B	; 91
    1a98:	90 e0       	ldi	r25, 0x00	; 0
    1a9a:	fc 01       	movw	r30, r24
    1a9c:	20 81       	ld	r18, Z
    1a9e:	8b e5       	ldi	r24, 0x5B	; 91
    1aa0:	90 e0       	ldi	r25, 0x00	; 0
    1aa2:	2f 7d       	andi	r18, 0xDF	; 223
    1aa4:	fc 01       	movw	r30, r24
    1aa6:	20 83       	st	Z, r18

00001aa8 <.L12>:
}
    1aa8:	00 00       	nop
    1aaa:	0f 90       	pop	r0
    1aac:	df 91       	pop	r29
    1aae:	cf 91       	pop	r28
    1ab0:	08 95       	ret

00001ab2 <__vector_2>:
/*Call-Back-Function*/

/*ISR*/

/*EXTI1*/
void __vector_2()  {} 
    1ab2:	1f 92       	push	r1
    1ab4:	0f 92       	push	r0
    1ab6:	0f b6       	in	r0, 0x3f	; 63
    1ab8:	0f 92       	push	r0
    1aba:	11 24       	eor	r1, r1
    1abc:	cf 93       	push	r28
    1abe:	df 93       	push	r29
    1ac0:	cd b7       	in	r28, 0x3d	; 61
    1ac2:	de b7       	in	r29, 0x3e	; 62

00001ac4 <.Loc.27>:
    1ac4:	00 00       	nop
    1ac6:	df 91       	pop	r29
    1ac8:	cf 91       	pop	r28
    1aca:	0f 90       	pop	r0
    1acc:	0f be       	out	0x3f, r0	; 63
    1ace:	0f 90       	pop	r0
    1ad0:	1f 90       	pop	r1
    1ad2:	18 95       	reti

00001ad4 <GIE_Enable>:

#include "GIE_Interface.h"

void GIE_Enable()
{
    1ad4:	cf 93       	push	r28
    1ad6:	df 93       	push	r29
    1ad8:	cd b7       	in	r28, 0x3d	; 61
    1ada:	de b7       	in	r29, 0x3e	; 62

00001adc <.Loc.1>:
    SetBit(SREG_Reg,GIEPin);
    1adc:	8f e5       	ldi	r24, 0x5F	; 95
    1ade:	90 e0       	ldi	r25, 0x00	; 0
    1ae0:	fc 01       	movw	r30, r24
    1ae2:	20 81       	ld	r18, Z
    1ae4:	8f e5       	ldi	r24, 0x5F	; 95
    1ae6:	90 e0       	ldi	r25, 0x00	; 0
    1ae8:	20 68       	ori	r18, 0x80	; 128
    1aea:	fc 01       	movw	r30, r24
    1aec:	20 83       	st	Z, r18

00001aee <.Loc.2>:
}
    1aee:	00 00       	nop
    1af0:	df 91       	pop	r29
    1af2:	cf 91       	pop	r28
    1af4:	08 95       	ret

00001af6 <GIE_Disable>:
void GIE_Disable()
{
    1af6:	cf 93       	push	r28
    1af8:	df 93       	push	r29
    1afa:	cd b7       	in	r28, 0x3d	; 61
    1afc:	de b7       	in	r29, 0x3e	; 62

00001afe <.Loc.4>:
    ClearBit(SREG_Reg,GIEPin);
    1afe:	8f e5       	ldi	r24, 0x5F	; 95
    1b00:	90 e0       	ldi	r25, 0x00	; 0
    1b02:	fc 01       	movw	r30, r24
    1b04:	20 81       	ld	r18, Z
    1b06:	8f e5       	ldi	r24, 0x5F	; 95
    1b08:	90 e0       	ldi	r25, 0x00	; 0
    1b0a:	2f 77       	andi	r18, 0x7F	; 127
    1b0c:	fc 01       	movw	r30, r24
    1b0e:	20 83       	st	Z, r18

00001b10 <.Loc.5>:
    1b10:	00 00       	nop
    1b12:	df 91       	pop	r29
    1b14:	cf 91       	pop	r28
    1b16:	08 95       	ret

00001b18 <T0_Init>:

static void (*T0_OVFCallBack)(void)  = NULL;
static void (*T0_CompCallBack)(void) = NULL;

void T0_Init(const T0_Config_t *Config)
{
    1b18:	cf 93       	push	r28
    1b1a:	df 93       	push	r29
    1b1c:	00 d0       	rcall	.+0      	; 0x1b1e <L0^A>

00001b1e <L0^A>:
    1b1e:	0f 92       	push	r0
    1b20:	cd b7       	in	r28, 0x3d	; 61
    1b22:	de b7       	in	r29, 0x3e	; 62
    1b24:	9b 83       	std	Y+3, r25	; 0x03
    1b26:	8a 83       	std	Y+2, r24	; 0x02

00001b28 <.Loc.1>:
    if(Config!=NULL)
    1b28:	8a 81       	ldd	r24, Y+2	; 0x02
    1b2a:	9b 81       	ldd	r25, Y+3	; 0x03
    1b2c:	00 97       	sbiw	r24, 0x00	; 0
    1b2e:	09 f4       	brne	.+2      	; 0x1b32 <.LBB2>

00001b30 <L0^A>:
    1b30:	5b c0       	rjmp	.+182    	; 0x1be8 <.L7>

00001b32 <.LBB2>:
    {
        uint8_t TCCR0_Temp=0;
    1b32:	19 82       	std	Y+1, r1	; 0x01

00001b34 <.Loc.3>:
        /* 1- Waveform Generation Mode (non-contiguous WGM00/WGM01 bits) */
        TCCR0_Temp = (uint8_t)((TCCR0_Temp & (uint8_t)~TCCR0_ModeMask) | (uint8_t)Config->Mode);
    1b34:	89 81       	ldd	r24, Y+1	; 0x01
    1b36:	28 2f       	mov	r18, r24
    1b38:	27 7b       	andi	r18, 0xB7	; 183

00001b3a <.Loc.4>:
    1b3a:	8a 81       	ldd	r24, Y+2	; 0x02
    1b3c:	9b 81       	ldd	r25, Y+3	; 0x03
    1b3e:	fc 01       	movw	r30, r24
    1b40:	81 81       	ldd	r24, Z+1	; 0x01

00001b42 <.Loc.5>:
    1b42:	82 2b       	or	r24, r18

00001b44 <.Loc.6>:
    1b44:	89 83       	std	Y+1, r24	; 0x01

00001b46 <.Loc.7>:
        /* 2- Compare Output Mode for OC0 */
        TCCR0_Temp = (uint8_t)((TCCR0_Temp & (uint8_t)~TCCR0_ComMask) | (uint8_t)Config->OC0Mode);
    1b46:	89 81       	ldd	r24, Y+1	; 0x01
    1b48:	28 2f       	mov	r18, r24
    1b4a:	2f 7c       	andi	r18, 0xCF	; 207

00001b4c <.Loc.8>:
    1b4c:	8a 81       	ldd	r24, Y+2	; 0x02
    1b4e:	9b 81       	ldd	r25, Y+3	; 0x03
    1b50:	fc 01       	movw	r30, r24
    1b52:	82 81       	ldd	r24, Z+2	; 0x02

00001b54 <.Loc.9>:
    1b54:	82 2b       	or	r24, r18

00001b56 <.Loc.10>:
    1b56:	89 83       	std	Y+1, r24	; 0x01

00001b58 <.Loc.11>:
        /* 3- Preload the compare value before the clock starts ticking */
        OCR0_Reg = Config->CompareValue;
    1b58:	8c e5       	ldi	r24, 0x5C	; 92
    1b5a:	90 e0       	ldi	r25, 0x00	; 0

00001b5c <.Loc.12>:
    1b5c:	2a 81       	ldd	r18, Y+2	; 0x02
    1b5e:	3b 81       	ldd	r19, Y+3	; 0x03
    1b60:	f9 01       	movw	r30, r18
    1b62:	25 81       	ldd	r18, Z+5	; 0x05

00001b64 <.Loc.13>:
    1b64:	fc 01       	movw	r30, r24
    1b66:	20 83       	st	Z, r18

00001b68 <.Loc.14>:
        /* 4- Overflow interrupt enable */
        if(Config->OVFInterrupt==T0_InterruptEnable)
    1b68:	8a 81       	ldd	r24, Y+2	; 0x02
    1b6a:	9b 81       	ldd	r25, Y+3	; 0x03
    1b6c:	fc 01       	movw	r30, r24
    1b6e:	83 81       	ldd	r24, Z+3	; 0x03

00001b70 <.Loc.15>:
    1b70:	81 30       	cpi	r24, 0x01	; 1
    1b72:	51 f4       	brne	.+20     	; 0x1b88 <.L3>

00001b74 <.Loc.16>:
        {
            SetBit(TIMSK_Reg,Bit_T0_TOIE0);
    1b74:	89 e5       	ldi	r24, 0x59	; 89
    1b76:	90 e0       	ldi	r25, 0x00	; 0
    1b78:	fc 01       	movw	r30, r24
    1b7a:	20 81       	ld	r18, Z
    1b7c:	89 e5       	ldi	r24, 0x59	; 89
    1b7e:	90 e0       	ldi	r25, 0x00	; 0
    1b80:	21 60       	ori	r18, 0x01	; 1
    1b82:	fc 01       	movw	r30, r24
    1b84:	20 83       	st	Z, r18
    1b86:	09 c0       	rjmp	.+18     	; 0x1b9a <.L4>

00001b88 <.L3>:
        }
        else
        {
            ClearBit(TIMSK_Reg,Bit_T0_TOIE0);
    1b88:	89 e5       	ldi	r24, 0x59	; 89
    1b8a:	90 e0       	ldi	r25, 0x00	; 0
    1b8c:	fc 01       	movw	r30, r24
    1b8e:	20 81       	ld	r18, Z
    1b90:	89 e5       	ldi	r24, 0x59	; 89
    1b92:	90 e0       	ldi	r25, 0x00	; 0
    1b94:	2e 7f       	andi	r18, 0xFE	; 254
    1b96:	fc 01       	movw	r30, r24
    1b98:	20 83       	st	Z, r18

00001b9a <.L4>:
        }
        /* 5- Compare Match interrupt enable */
        if(Config->CompInterrupt==T0_InterruptEnable)
    1b9a:	8a 81       	ldd	r24, Y+2	; 0x02
    1b9c:	9b 81       	ldd	r25, Y+3	; 0x03
    1b9e:	fc 01       	movw	r30, r24
    1ba0:	84 81       	ldd	r24, Z+4	; 0x04

00001ba2 <.Loc.19>:
    1ba2:	81 30       	cpi	r24, 0x01	; 1
    1ba4:	51 f4       	brne	.+20     	; 0x1bba <.L5>

00001ba6 <.Loc.20>:
        {
            SetBit(TIMSK_Reg,Bit_T0_OCIE0);
    1ba6:	89 e5       	ldi	r24, 0x59	; 89
    1ba8:	90 e0       	ldi	r25, 0x00	; 0
    1baa:	fc 01       	movw	r30, r24
    1bac:	20 81       	ld	r18, Z
    1bae:	89 e5       	ldi	r24, 0x59	; 89
    1bb0:	90 e0       	ldi	r25, 0x00	; 0
    1bb2:	22 60       	ori	r18, 0x02	; 2
    1bb4:	fc 01       	movw	r30, r24
    1bb6:	20 83       	st	Z, r18
    1bb8:	09 c0       	rjmp	.+18     	; 0x1bcc <.L6>

00001bba <.L5>:
        }
        else
        {
            ClearBit(TIMSK_Reg,Bit_T0_OCIE0);
    1bba:	89 e5       	ldi	r24, 0x59	; 89
    1bbc:	90 e0       	ldi	r25, 0x00	; 0
    1bbe:	fc 01       	movw	r30, r24
    1bc0:	20 81       	ld	r18, Z
    1bc2:	89 e5       	ldi	r24, 0x59	; 89
    1bc4:	90 e0       	ldi	r25, 0x00	; 0
    1bc6:	2d 7f       	andi	r18, 0xFD	; 253
    1bc8:	fc 01       	movw	r30, r24
    1bca:	20 83       	st	Z, r18

00001bcc <.L6>:
        }
        /* 6- Clock Select (also starts the timer running) */
        TCCR0_Temp = (uint8_t)((TCCR0_Temp & (uint8_t)~TCCR0_ClockMask) | (uint8_t)Config->Prescaler);
    1bcc:	89 81       	ldd	r24, Y+1	; 0x01
    1bce:	28 2f       	mov	r18, r24
    1bd0:	28 7f       	andi	r18, 0xF8	; 248

00001bd2 <.Loc.23>:
    1bd2:	8a 81       	ldd	r24, Y+2	; 0x02
    1bd4:	9b 81       	ldd	r25, Y+3	; 0x03
    1bd6:	fc 01       	movw	r30, r24
    1bd8:	80 81       	ld	r24, Z

00001bda <.Loc.24>:
    1bda:	82 2b       	or	r24, r18

00001bdc <.Loc.25>:
    1bdc:	89 83       	std	Y+1, r24	; 0x01

00001bde <.Loc.26>:
        TCCR0_Reg=TCCR0_Temp;
    1bde:	83 e5       	ldi	r24, 0x53	; 83
    1be0:	90 e0       	ldi	r25, 0x00	; 0

00001be2 <.Loc.27>:
    1be2:	29 81       	ldd	r18, Y+1	; 0x01
    1be4:	fc 01       	movw	r30, r24
    1be6:	20 83       	st	Z, r18

00001be8 <.L7>:
    }
    else
    {
        // NULL config: nothing to do
    }
}
    1be8:	00 00       	nop
    1bea:	0f 90       	pop	r0
    1bec:	0f 90       	pop	r0
    1bee:	0f 90       	pop	r0
    1bf0:	df 91       	pop	r29
    1bf2:	cf 91       	pop	r28
    1bf4:	08 95       	ret

00001bf6 <T0_SetCompareValue>:

void T0_SetCompareValue(uint8_t Value)
{
    1bf6:	cf 93       	push	r28
    1bf8:	df 93       	push	r29
    1bfa:	0f 92       	push	r0
    1bfc:	cd b7       	in	r28, 0x3d	; 61
    1bfe:	de b7       	in	r29, 0x3e	; 62
    1c00:	89 83       	std	Y+1, r24	; 0x01

00001c02 <.Loc.30>:
    OCR0_Reg = Value;
    1c02:	8c e5       	ldi	r24, 0x5C	; 92
    1c04:	90 e0       	ldi	r25, 0x00	; 0

00001c06 <.Loc.31>:
    1c06:	29 81       	ldd	r18, Y+1	; 0x01
    1c08:	fc 01       	movw	r30, r24
    1c0a:	20 83       	st	Z, r18

00001c0c <.Loc.32>:
}
    1c0c:	00 00       	nop
    1c0e:	0f 90       	pop	r0
    1c10:	df 91       	pop	r29
    1c12:	cf 91       	pop	r28
    1c14:	08 95       	ret

00001c16 <T0_GetCounterValue>:

uint8_t T0_GetCounterValue(void)
{
    1c16:	cf 93       	push	r28
    1c18:	df 93       	push	r29
    1c1a:	cd b7       	in	r28, 0x3d	; 61
    1c1c:	de b7       	in	r29, 0x3e	; 62

00001c1e <.Loc.34>:
    return TCNT0_Reg;
    1c1e:	82 e5       	ldi	r24, 0x52	; 82
    1c20:	90 e0       	ldi	r25, 0x00	; 0
    1c22:	fc 01       	movw	r30, r24
    1c24:	80 81       	ld	r24, Z

00001c26 <.Loc.35>:
}
    1c26:	df 91       	pop	r29
    1c28:	cf 91       	pop	r28
    1c2a:	08 95       	ret

00001c2c <T0_SetCounterValue>:

void T0_SetCounterValue(uint8_t Value)
{
    1c2c:	cf 93       	push	r28
    1c2e:	df 93       	push	r29
    1c30:	0f 92       	push	r0
    1c32:	cd b7       	in	r28, 0x3d	; 61
    1c34:	de b7       	in	r29, 0x3e	; 62
    1c36:	89 83       	std	Y+1, r24	; 0x01

00001c38 <.Loc.37>:
    TCNT0_Reg = Value;
    1c38:	82 e5       	ldi	r24, 0x52	; 82
    1c3a:	90 e0       	ldi	r25, 0x00	; 0

00001c3c <.Loc.38>:
    1c3c:	29 81       	ldd	r18, Y+1	; 0x01
    1c3e:	fc 01       	movw	r30, r24
    1c40:	20 83       	st	Z, r18

00001c42 <.Loc.39>:
}
    1c42:	00 00       	nop
    1c44:	0f 90       	pop	r0
    1c46:	df 91       	pop	r29
    1c48:	cf 91       	pop	r28
    1c4a:	08 95       	ret

00001c4c <T0_SetOVFCallBack>:

void T0_SetOVFCallBack(void (*PF)(void))
{
    1c4c:	cf 93       	push	r28
    1c4e:	df 93       	push	r29
    1c50:	00 d0       	rcall	.+0      	; 0x1c52 <L0^A>

00001c52 <L0^A>:
    1c52:	cd b7       	in	r28, 0x3d	; 61
    1c54:	de b7       	in	r29, 0x3e	; 62
    1c56:	9a 83       	std	Y+2, r25	; 0x02
    1c58:	89 83       	std	Y+1, r24	; 0x01

00001c5a <.Loc.41>:
    T0_OVFCallBack = PF;
    1c5a:	89 81       	ldd	r24, Y+1	; 0x01
    1c5c:	9a 81       	ldd	r25, Y+2	; 0x02
    1c5e:	90 93 79 00 	sts	0x0079, r25	; 0x800079 <T0_OVFCallBack+0x1>
    1c62:	80 93 78 00 	sts	0x0078, r24	; 0x800078 <T0_OVFCallBack>

00001c66 <.Loc.42>:
}
    1c66:	00 00       	nop
    1c68:	0f 90       	pop	r0
    1c6a:	0f 90       	pop	r0
    1c6c:	df 91       	pop	r29
    1c6e:	cf 91       	pop	r28
    1c70:	08 95       	ret

00001c72 <T0_SetCompareCallBack>:

void T0_SetCompareCallBack(void (*PF)(void))
{
    1c72:	cf 93       	push	r28
    1c74:	df 93       	push	r29
    1c76:	00 d0       	rcall	.+0      	; 0x1c78 <L0^A>

00001c78 <L0^A>:
    1c78:	cd b7       	in	r28, 0x3d	; 61
    1c7a:	de b7       	in	r29, 0x3e	; 62
    1c7c:	9a 83       	std	Y+2, r25	; 0x02
    1c7e:	89 83       	std	Y+1, r24	; 0x01

00001c80 <.Loc.44>:
    T0_CompCallBack = PF;
    1c80:	89 81       	ldd	r24, Y+1	; 0x01
    1c82:	9a 81       	ldd	r25, Y+2	; 0x02
    1c84:	90 93 7b 00 	sts	0x007B, r25	; 0x80007b <T0_CompCallBack+0x1>
    1c88:	80 93 7a 00 	sts	0x007A, r24	; 0x80007a <T0_CompCallBack>

00001c8c <.Loc.45>:
}
    1c8c:	00 00       	nop
    1c8e:	0f 90       	pop	r0
    1c90:	0f 90       	pop	r0
    1c92:	df 91       	pop	r29
    1c94:	cf 91       	pop	r28
    1c96:	08 95       	ret

00001c98 <__vector_10>:

/*ISR*/
void __vector_10() /* Timer0 Compare Match */
{
    1c98:	1f 92       	push	r1
    1c9a:	0f 92       	push	r0
    1c9c:	0f b6       	in	r0, 0x3f	; 63
    1c9e:	0f 92       	push	r0
    1ca0:	11 24       	eor	r1, r1
    1ca2:	2f 93       	push	r18
    1ca4:	3f 93       	push	r19
    1ca6:	4f 93       	push	r20
    1ca8:	5f 93       	push	r21
    1caa:	6f 93       	push	r22
    1cac:	7f 93       	push	r23
    1cae:	8f 93       	push	r24
    1cb0:	9f 93       	push	r25
    1cb2:	af 93       	push	r26
    1cb4:	bf 93       	push	r27
    1cb6:	ef 93       	push	r30
    1cb8:	ff 93       	push	r31
    1cba:	cf 93       	push	r28
    1cbc:	df 93       	push	r29
    1cbe:	cd b7       	in	r28, 0x3d	; 61
    1cc0:	de b7       	in	r29, 0x3e	; 62

00001cc2 <.Loc.47>:
    if(T0_CompCallBack!=NULL)
    1cc2:	80 91 7a 00 	lds	r24, 0x007A	; 0x80007a <T0_CompCallBack>
    1cc6:	90 91 7b 00 	lds	r25, 0x007B	; 0x80007b <T0_CompCallBack+0x1>

00001cca <.Loc.48>:
    1cca:	00 97       	sbiw	r24, 0x00	; 0
    1ccc:	31 f0       	breq	.+12     	; 0x1cda <.L16>

00001cce <.Loc.49>:
    {
        T0_CompCallBack();
    1cce:	80 91 7a 00 	lds	r24, 0x007A	; 0x80007a <T0_CompCallBack>
    1cd2:	90 91 7b 00 	lds	r25, 0x007B	; 0x80007b <T0_CompCallBack+0x1>
    1cd6:	fc 01       	movw	r30, r24
    1cd8:	09 95       	icall

00001cda <.L16>:
    }
    else
    {
        // No callback registered, nothing to do.
    }
}
    1cda:	00 00       	nop
    1cdc:	df 91       	pop	r29
    1cde:	cf 91       	pop	r28
    1ce0:	ff 91       	pop	r31
    1ce2:	ef 91       	pop	r30
    1ce4:	bf 91       	pop	r27
    1ce6:	af 91       	pop	r26
    1ce8:	9f 91       	pop	r25
    1cea:	8f 91       	pop	r24
    1cec:	7f 91       	pop	r23
    1cee:	6f 91       	pop	r22
    1cf0:	5f 91       	pop	r21
    1cf2:	4f 91       	pop	r20
    1cf4:	3f 91       	pop	r19
    1cf6:	2f 91       	pop	r18
    1cf8:	0f 90       	pop	r0
    1cfa:	0f be       	out	0x3f, r0	; 63
    1cfc:	0f 90       	pop	r0
    1cfe:	1f 90       	pop	r1
    1d00:	18 95       	reti

00001d02 <__vector_11>:

void __vector_11() /* Timer0 Overflow */
{
    1d02:	1f 92       	push	r1
    1d04:	0f 92       	push	r0
    1d06:	0f b6       	in	r0, 0x3f	; 63
    1d08:	0f 92       	push	r0
    1d0a:	11 24       	eor	r1, r1
    1d0c:	2f 93       	push	r18
    1d0e:	3f 93       	push	r19
    1d10:	4f 93       	push	r20
    1d12:	5f 93       	push	r21
    1d14:	6f 93       	push	r22
    1d16:	7f 93       	push	r23
    1d18:	8f 93       	push	r24
    1d1a:	9f 93       	push	r25
    1d1c:	af 93       	push	r26
    1d1e:	bf 93       	push	r27
    1d20:	ef 93       	push	r30
    1d22:	ff 93       	push	r31
    1d24:	cf 93       	push	r28
    1d26:	df 93       	push	r29
    1d28:	cd b7       	in	r28, 0x3d	; 61
    1d2a:	de b7       	in	r29, 0x3e	; 62

00001d2c <.Loc.52>:
    if(T0_OVFCallBack!=NULL)
    1d2c:	80 91 78 00 	lds	r24, 0x0078	; 0x800078 <T0_OVFCallBack>
    1d30:	90 91 79 00 	lds	r25, 0x0079	; 0x800079 <T0_OVFCallBack+0x1>

00001d34 <.Loc.53>:
    1d34:	00 97       	sbiw	r24, 0x00	; 0
    1d36:	31 f0       	breq	.+12     	; 0x1d44 <.L19>

00001d38 <.Loc.54>:
    {
        T0_OVFCallBack();
    1d38:	80 91 78 00 	lds	r24, 0x0078	; 0x800078 <T0_OVFCallBack>
    1d3c:	90 91 79 00 	lds	r25, 0x0079	; 0x800079 <T0_OVFCallBack+0x1>
    1d40:	fc 01       	movw	r30, r24
    1d42:	09 95       	icall

00001d44 <.L19>:
    }
    else
    {
        // No callback registered, nothing to do.
    }
}
    1d44:	00 00       	nop
    1d46:	df 91       	pop	r29
    1d48:	cf 91       	pop	r28
    1d4a:	ff 91       	pop	r31
    1d4c:	ef 91       	pop	r30
    1d4e:	bf 91       	pop	r27
    1d50:	af 91       	pop	r26
    1d52:	9f 91       	pop	r25
    1d54:	8f 91       	pop	r24
    1d56:	7f 91       	pop	r23
    1d58:	6f 91       	pop	r22
    1d5a:	5f 91       	pop	r21
    1d5c:	4f 91       	pop	r20
    1d5e:	3f 91       	pop	r19
    1d60:	2f 91       	pop	r18
    1d62:	0f 90       	pop	r0
    1d64:	0f be       	out	0x3f, r0	; 63
    1d66:	0f 90       	pop	r0
    1d68:	1f 90       	pop	r1
    1d6a:	18 95       	reti

00001d6c <T1_Init>:
static T1_CallBackFunc_t T1_CallBackArr[T1_NumberOfInterrupts] = {NULL, NULL, NULL, NULL};
static uint8_t T1_CurrentPrescaler = T1_NoClock;

/*API's*/
void T1_Init(uint8_t Copy_u8Mode, uint8_t Copy_u8Prescaler)
{
    1d6c:	cf 93       	push	r28
    1d6e:	df 93       	push	r29
    1d70:	00 d0       	rcall	.+0      	; 0x1d72 <L0^A>

00001d72 <L0^A>:
    1d72:	cd b7       	in	r28, 0x3d	; 61
    1d74:	de b7       	in	r29, 0x3e	; 62
    1d76:	89 83       	std	Y+1, r24	; 0x01
    1d78:	6a 83       	std	Y+2, r22	; 0x02

00001d7a <.Loc.1>:
    /* Clear WGM bits in both TCCR1A and TCCR1B */
    TCCR1A_Reg &= T1_WGM1A_MASK;
    1d7a:	8f e4       	ldi	r24, 0x4F	; 79
    1d7c:	90 e0       	ldi	r25, 0x00	; 0
    1d7e:	fc 01       	movw	r30, r24
    1d80:	20 81       	ld	r18, Z

00001d82 <.Loc.2>:
    1d82:	8f e4       	ldi	r24, 0x4F	; 79
    1d84:	90 e0       	ldi	r25, 0x00	; 0

00001d86 <.Loc.3>:
    1d86:	2c 7f       	andi	r18, 0xFC	; 252
    1d88:	fc 01       	movw	r30, r24
    1d8a:	20 83       	st	Z, r18

00001d8c <.Loc.4>:
    TCCR1B_Reg &= T1_WGM1B_MASK;
    1d8c:	8e e4       	ldi	r24, 0x4E	; 78
    1d8e:	90 e0       	ldi	r25, 0x00	; 0
    1d90:	fc 01       	movw	r30, r24
    1d92:	20 81       	ld	r18, Z

00001d94 <.Loc.5>:
    1d94:	8e e4       	ldi	r24, 0x4E	; 78
    1d96:	90 e0       	ldi	r25, 0x00	; 0

00001d98 <.Loc.6>:
    1d98:	27 7e       	andi	r18, 0xE7	; 231
    1d9a:	fc 01       	movw	r30, r24
    1d9c:	20 83       	st	Z, r18

00001d9e <.Loc.7>:

    /* Set Waveform Generation Mode */
    /* WGM11:WGM10 from mode bits [1:0] into TCCR1A */
    /* WGM13:WGM12 from mode bits [3:2] into TCCR1B */
    TCCR1A_Reg |= (Copy_u8Mode & 0x03);
    1d9e:	8f e4       	ldi	r24, 0x4F	; 79
    1da0:	90 e0       	ldi	r25, 0x00	; 0
    1da2:	fc 01       	movw	r30, r24
    1da4:	80 81       	ld	r24, Z
    1da6:	98 2f       	mov	r25, r24

00001da8 <.Loc.8>:
    1da8:	89 81       	ldd	r24, Y+1	; 0x01
    1daa:	83 70       	andi	r24, 0x03	; 3

00001dac <.Loc.9>:
    1dac:	29 2f       	mov	r18, r25
    1dae:	28 2b       	or	r18, r24

00001db0 <.Loc.10>:
    1db0:	8f e4       	ldi	r24, 0x4F	; 79
    1db2:	90 e0       	ldi	r25, 0x00	; 0

00001db4 <.Loc.11>:
    1db4:	fc 01       	movw	r30, r24
    1db6:	20 83       	st	Z, r18

00001db8 <.Loc.12>:
    TCCR1B_Reg |= ((Copy_u8Mode >> 2) & 0x03) << Bit_WGM12;
    1db8:	8e e4       	ldi	r24, 0x4E	; 78
    1dba:	90 e0       	ldi	r25, 0x00	; 0
    1dbc:	fc 01       	movw	r30, r24
    1dbe:	80 81       	ld	r24, Z
    1dc0:	98 2f       	mov	r25, r24

00001dc2 <.Loc.13>:
    1dc2:	89 81       	ldd	r24, Y+1	; 0x01
    1dc4:	86 95       	lsr	r24
    1dc6:	86 95       	lsr	r24
    1dc8:	88 0f       	add	r24, r24
    1dca:	88 0f       	add	r24, r24
    1dcc:	88 0f       	add	r24, r24
    1dce:	88 71       	andi	r24, 0x18	; 24

00001dd0 <.Loc.14>:
    1dd0:	29 2f       	mov	r18, r25
    1dd2:	28 2b       	or	r18, r24

00001dd4 <.Loc.15>:
    1dd4:	8e e4       	ldi	r24, 0x4E	; 78
    1dd6:	90 e0       	ldi	r25, 0x00	; 0

00001dd8 <.Loc.16>:
    1dd8:	fc 01       	movw	r30, r24
    1dda:	20 83       	st	Z, r18

00001ddc <.Loc.17>:

    /* Prescaler (also starts the timer) */
    if(Copy_u8Prescaler <= T1_ExtClock_Rising)
    1ddc:	8a 81       	ldd	r24, Y+2	; 0x02
    1dde:	88 30       	cpi	r24, 0x08	; 8
    1de0:	b0 f4       	brcc	.+44     	; 0x1e0e <.L2>

00001de2 <.Loc.18>:
    {
        TCCR1B_Reg &= T1_CS_MASK;
    1de2:	8e e4       	ldi	r24, 0x4E	; 78
    1de4:	90 e0       	ldi	r25, 0x00	; 0
    1de6:	fc 01       	movw	r30, r24
    1de8:	20 81       	ld	r18, Z

00001dea <.Loc.19>:
    1dea:	8e e4       	ldi	r24, 0x4E	; 78
    1dec:	90 e0       	ldi	r25, 0x00	; 0

00001dee <.Loc.20>:
    1dee:	28 7f       	andi	r18, 0xF8	; 248
    1df0:	fc 01       	movw	r30, r24
    1df2:	20 83       	st	Z, r18

00001df4 <.Loc.21>:
        TCCR1B_Reg |= Copy_u8Prescaler;
    1df4:	8e e4       	ldi	r24, 0x4E	; 78
    1df6:	90 e0       	ldi	r25, 0x00	; 0
    1df8:	fc 01       	movw	r30, r24
    1dfa:	30 81       	ld	r19, Z
    1dfc:	8e e4       	ldi	r24, 0x4E	; 78
    1dfe:	90 e0       	ldi	r25, 0x00	; 0

00001e00 <.Loc.22>:
    1e00:	2a 81       	ldd	r18, Y+2	; 0x02
    1e02:	23 2b       	or	r18, r19
    1e04:	fc 01       	movw	r30, r24
    1e06:	20 83       	st	Z, r18

00001e08 <.Loc.23>:
        T1_CurrentPrescaler = Copy_u8Prescaler;
    1e08:	8a 81       	ldd	r24, Y+2	; 0x02
    1e0a:	80 93 84 00 	sts	0x0084, r24	; 0x800084 <T1_CurrentPrescaler>

00001e0e <.L2>:
    else
    {
        /* Error */
    }

    TCNT1_Reg  = T1_INITIAL_TCNT1_VALUE;
    1e0e:	8c e4       	ldi	r24, 0x4C	; 76
    1e10:	90 e0       	ldi	r25, 0x00	; 0

00001e12 <.Loc.25>:
    1e12:	fc 01       	movw	r30, r24
    1e14:	11 82       	std	Z+1, r1	; 0x01
    1e16:	10 82       	st	Z, r1

00001e18 <.Loc.26>:
    OCR1A_Reg  = T1_INITIAL_OCR1A_VALUE;
    1e18:	8a e4       	ldi	r24, 0x4A	; 74
    1e1a:	90 e0       	ldi	r25, 0x00	; 0

00001e1c <.Loc.27>:
    1e1c:	fc 01       	movw	r30, r24
    1e1e:	11 82       	std	Z+1, r1	; 0x01
    1e20:	10 82       	st	Z, r1

00001e22 <.Loc.28>:
    OCR1B_Reg  = T1_INITIAL_OCR1B_VALUE;
    1e22:	88 e4       	ldi	r24, 0x48	; 72
    1e24:	90 e0       	ldi	r25, 0x00	; 0

00001e26 <.Loc.29>:
    1e26:	fc 01       	movw	r30, r24
    1e28:	11 82       	std	Z+1, r1	; 0x01
    1e2a:	10 82       	st	Z, r1

00001e2c <.Loc.30>:
    ICR1_Reg   = T1_INITIAL_ICR1_VALUE;
    1e2c:	86 e4       	ldi	r24, 0x46	; 70
    1e2e:	90 e0       	ldi	r25, 0x00	; 0

00001e30 <.Loc.31>:
    1e30:	fc 01       	movw	r30, r24
    1e32:	11 82       	std	Z+1, r1	; 0x01
    1e34:	10 82       	st	Z, r1

00001e36 <.Loc.32>:
}
    1e36:	00 00       	nop
    1e38:	0f 90       	pop	r0
    1e3a:	0f 90       	pop	r0
    1e3c:	df 91       	pop	r29
    1e3e:	cf 91       	pop	r28
    1e40:	08 95       	ret

00001e42 <T1_DeInit>:

void T1_DeInit(void)
{
    1e42:	cf 93       	push	r28
    1e44:	df 93       	push	r29
    1e46:	cd b7       	in	r28, 0x3d	; 61
    1e48:	de b7       	in	r29, 0x3e	; 62

00001e4a <.Loc.34>:
    TCCR1A_Reg = 0x00;
    1e4a:	8f e4       	ldi	r24, 0x4F	; 79
    1e4c:	90 e0       	ldi	r25, 0x00	; 0

00001e4e <.Loc.35>:
    1e4e:	fc 01       	movw	r30, r24
    1e50:	10 82       	st	Z, r1

00001e52 <.Loc.36>:
    TCCR1B_Reg = 0x00;
    1e52:	8e e4       	ldi	r24, 0x4E	; 78
    1e54:	90 e0       	ldi	r25, 0x00	; 0

00001e56 <.Loc.37>:
    1e56:	fc 01       	movw	r30, r24
    1e58:	10 82       	st	Z, r1

00001e5a <.Loc.38>:
    TCNT1_Reg  = 0x0000;
    1e5a:	8c e4       	ldi	r24, 0x4C	; 76
    1e5c:	90 e0       	ldi	r25, 0x00	; 0

00001e5e <.Loc.39>:
    1e5e:	fc 01       	movw	r30, r24
    1e60:	11 82       	std	Z+1, r1	; 0x01
    1e62:	10 82       	st	Z, r1

00001e64 <.Loc.40>:
    OCR1A_Reg  = 0x0000;
    1e64:	8a e4       	ldi	r24, 0x4A	; 74
    1e66:	90 e0       	ldi	r25, 0x00	; 0

00001e68 <.Loc.41>:
    1e68:	fc 01       	movw	r30, r24
    1e6a:	11 82       	std	Z+1, r1	; 0x01
    1e6c:	10 82       	st	Z, r1

00001e6e <.Loc.42>:
    OCR1B_Reg  = 0x0000;
    1e6e:	88 e4       	ldi	r24, 0x48	; 72
    1e70:	90 e0       	ldi	r25, 0x00	; 0

00001e72 <.Loc.43>:
    1e72:	fc 01       	movw	r30, r24
    1e74:	11 82       	std	Z+1, r1	; 0x01
    1e76:	10 82       	st	Z, r1

00001e78 <.Loc.44>:
    ICR1_Reg   = 0x0000;
    1e78:	86 e4       	ldi	r24, 0x46	; 70
    1e7a:	90 e0       	ldi	r25, 0x00	; 0

00001e7c <.Loc.45>:
    1e7c:	fc 01       	movw	r30, r24
    1e7e:	11 82       	std	Z+1, r1	; 0x01
    1e80:	10 82       	st	Z, r1

00001e82 <.Loc.46>:
    ClearBit(TIMSK_Reg, Bit_TOIE1);
    1e82:	89 e5       	ldi	r24, 0x59	; 89
    1e84:	90 e0       	ldi	r25, 0x00	; 0
    1e86:	fc 01       	movw	r30, r24
    1e88:	20 81       	ld	r18, Z
    1e8a:	89 e5       	ldi	r24, 0x59	; 89
    1e8c:	90 e0       	ldi	r25, 0x00	; 0
    1e8e:	2b 7f       	andi	r18, 0xFB	; 251
    1e90:	fc 01       	movw	r30, r24
    1e92:	20 83       	st	Z, r18

00001e94 <.Loc.47>:
    ClearBit(TIMSK_Reg, Bit_OCIE1A);
    1e94:	89 e5       	ldi	r24, 0x59	; 89
    1e96:	90 e0       	ldi	r25, 0x00	; 0
    1e98:	fc 01       	movw	r30, r24
    1e9a:	20 81       	ld	r18, Z
    1e9c:	89 e5       	ldi	r24, 0x59	; 89
    1e9e:	90 e0       	ldi	r25, 0x00	; 0
    1ea0:	2f 7e       	andi	r18, 0xEF	; 239
    1ea2:	fc 01       	movw	r30, r24
    1ea4:	20 83       	st	Z, r18

00001ea6 <.Loc.48>:
    ClearBit(TIMSK_Reg, Bit_OCIE1B);
    1ea6:	89 e5       	ldi	r24, 0x59	; 89
    1ea8:	90 e0       	ldi	r25, 0x00	; 0
    1eaa:	fc 01       	movw	r30, r24
    1eac:	20 81       	ld	r18, Z
    1eae:	89 e5       	ldi	r24, 0x59	; 89
    1eb0:	90 e0       	ldi	r25, 0x00	; 0
    1eb2:	27 7f       	andi	r18, 0xF7	; 247
    1eb4:	fc 01       	movw	r30, r24
    1eb6:	20 83       	st	Z, r18

00001eb8 <.Loc.49>:
    ClearBit(TIMSK_Reg, Bit_TICIE1);
    1eb8:	89 e5       	ldi	r24, 0x59	; 89
    1eba:	90 e0       	ldi	r25, 0x00	; 0
    1ebc:	fc 01       	movw	r30, r24
    1ebe:	20 81       	ld	r18, Z
    1ec0:	89 e5       	ldi	r24, 0x59	; 89
    1ec2:	90 e0       	ldi	r25, 0x00	; 0
    1ec4:	2f 7d       	andi	r18, 0xDF	; 223
    1ec6:	fc 01       	movw	r30, r24
    1ec8:	20 83       	st	Z, r18

00001eca <.Loc.50>:
    T1_CurrentPrescaler = T1_NoClock;
    1eca:	10 92 84 00 	sts	0x0084, r1	; 0x800084 <T1_CurrentPrescaler>

00001ece <.Loc.51>:
}
    1ece:	00 00       	nop
    1ed0:	df 91       	pop	r29
    1ed2:	cf 91       	pop	r28
    1ed4:	08 95       	ret

00001ed6 <T1_Start>:

void T1_Start(void)
{
    1ed6:	cf 93       	push	r28
    1ed8:	df 93       	push	r29
    1eda:	cd b7       	in	r28, 0x3d	; 61
    1edc:	de b7       	in	r29, 0x3e	; 62

00001ede <.Loc.53>:
    TCCR1B_Reg &= T1_CS_MASK;
    1ede:	8e e4       	ldi	r24, 0x4E	; 78
    1ee0:	90 e0       	ldi	r25, 0x00	; 0
    1ee2:	fc 01       	movw	r30, r24
    1ee4:	20 81       	ld	r18, Z

00001ee6 <.Loc.54>:
    1ee6:	8e e4       	ldi	r24, 0x4E	; 78
    1ee8:	90 e0       	ldi	r25, 0x00	; 0

00001eea <.Loc.55>:
    1eea:	28 7f       	andi	r18, 0xF8	; 248
    1eec:	fc 01       	movw	r30, r24
    1eee:	20 83       	st	Z, r18

00001ef0 <.Loc.56>:
    TCCR1B_Reg |= T1_CurrentPrescaler;
    1ef0:	8e e4       	ldi	r24, 0x4E	; 78
    1ef2:	90 e0       	ldi	r25, 0x00	; 0
    1ef4:	fc 01       	movw	r30, r24
    1ef6:	30 81       	ld	r19, Z

00001ef8 <.Loc.57>:
    1ef8:	20 91 84 00 	lds	r18, 0x0084	; 0x800084 <T1_CurrentPrescaler>

00001efc <.Loc.58>:
    1efc:	8e e4       	ldi	r24, 0x4E	; 78
    1efe:	90 e0       	ldi	r25, 0x00	; 0

00001f00 <.Loc.59>:
    1f00:	23 2b       	or	r18, r19
    1f02:	fc 01       	movw	r30, r24
    1f04:	20 83       	st	Z, r18

00001f06 <.Loc.60>:
}
    1f06:	00 00       	nop
    1f08:	df 91       	pop	r29
    1f0a:	cf 91       	pop	r28
    1f0c:	08 95       	ret

00001f0e <T1_Stop>:

void T1_Stop(void)
{
    1f0e:	cf 93       	push	r28
    1f10:	df 93       	push	r29
    1f12:	cd b7       	in	r28, 0x3d	; 61
    1f14:	de b7       	in	r29, 0x3e	; 62

00001f16 <.Loc.62>:
    TCCR1B_Reg &= T1_CS_MASK;
    1f16:	8e e4       	ldi	r24, 0x4E	; 78
    1f18:	90 e0       	ldi	r25, 0x00	; 0
    1f1a:	fc 01       	movw	r30, r24
    1f1c:	20 81       	ld	r18, Z

00001f1e <.Loc.63>:
    1f1e:	8e e4       	ldi	r24, 0x4E	; 78
    1f20:	90 e0       	ldi	r25, 0x00	; 0

00001f22 <.Loc.64>:
    1f22:	28 7f       	andi	r18, 0xF8	; 248
    1f24:	fc 01       	movw	r30, r24
    1f26:	20 83       	st	Z, r18

00001f28 <.Loc.65>:
}
    1f28:	00 00       	nop
    1f2a:	df 91       	pop	r29
    1f2c:	cf 91       	pop	r28
    1f2e:	08 95       	ret

00001f30 <T1_SetTimerValue>:

void T1_SetTimerValue(uint16_t Copy_u16TimerValue)
{
    1f30:	cf 93       	push	r28
    1f32:	df 93       	push	r29
    1f34:	00 d0       	rcall	.+0      	; 0x1f36 <L0^A>

00001f36 <L0^A>:
    1f36:	cd b7       	in	r28, 0x3d	; 61
    1f38:	de b7       	in	r29, 0x3e	; 62
    1f3a:	9a 83       	std	Y+2, r25	; 0x02
    1f3c:	89 83       	std	Y+1, r24	; 0x01

00001f3e <.Loc.67>:
    TCNT1_Reg = Copy_u16TimerValue;
    1f3e:	8c e4       	ldi	r24, 0x4C	; 76
    1f40:	90 e0       	ldi	r25, 0x00	; 0

00001f42 <.Loc.68>:
    1f42:	29 81       	ldd	r18, Y+1	; 0x01
    1f44:	3a 81       	ldd	r19, Y+2	; 0x02
    1f46:	fc 01       	movw	r30, r24
    1f48:	31 83       	std	Z+1, r19	; 0x01
    1f4a:	20 83       	st	Z, r18

00001f4c <.Loc.69>:
}
    1f4c:	00 00       	nop
    1f4e:	0f 90       	pop	r0
    1f50:	0f 90       	pop	r0
    1f52:	df 91       	pop	r29
    1f54:	cf 91       	pop	r28
    1f56:	08 95       	ret

00001f58 <T1_GetTimerValue>:

void T1_GetTimerValue(uint16_t *Copy_pu16TimerValue)
{
    1f58:	cf 93       	push	r28
    1f5a:	df 93       	push	r29
    1f5c:	00 d0       	rcall	.+0      	; 0x1f5e <L0^A>

00001f5e <L0^A>:
    1f5e:	cd b7       	in	r28, 0x3d	; 61
    1f60:	de b7       	in	r29, 0x3e	; 62
    1f62:	9a 83       	std	Y+2, r25	; 0x02
    1f64:	89 83       	std	Y+1, r24	; 0x01

00001f66 <.Loc.71>:
    if(Copy_pu16TimerValue != NULL)
    1f66:	89 81       	ldd	r24, Y+1	; 0x01
    1f68:	9a 81       	ldd	r25, Y+2	; 0x02
    1f6a:	00 97       	sbiw	r24, 0x00	; 0
    1f6c:	51 f0       	breq	.+20     	; 0x1f82 <.L9>

00001f6e <.Loc.72>:
    {
        *Copy_pu16TimerValue = TCNT1_Reg;
    1f6e:	8c e4       	ldi	r24, 0x4C	; 76
    1f70:	90 e0       	ldi	r25, 0x00	; 0
    1f72:	fc 01       	movw	r30, r24
    1f74:	20 81       	ld	r18, Z
    1f76:	31 81       	ldd	r19, Z+1	; 0x01

00001f78 <.Loc.73>:
    1f78:	89 81       	ldd	r24, Y+1	; 0x01
    1f7a:	9a 81       	ldd	r25, Y+2	; 0x02
    1f7c:	fc 01       	movw	r30, r24
    1f7e:	31 83       	std	Z+1, r19	; 0x01
    1f80:	20 83       	st	Z, r18

00001f82 <.L9>:
    }
    else
    {
        /* Error */
    }
}
    1f82:	00 00       	nop
    1f84:	0f 90       	pop	r0
    1f86:	0f 90       	pop	r0
    1f88:	df 91       	pop	r29
    1f8a:	cf 91       	pop	r28
    1f8c:	08 95       	ret

00001f8e <T1_SetCompareValue>:

void T1_SetCompareValue(uint8_t Copy_u8Channel, uint16_t Copy_u16CompareValue)
{
    1f8e:	cf 93       	push	r28
    1f90:	df 93       	push	r29
    1f92:	00 d0       	rcall	.+0      	; 0x1f94 <L0^A>

00001f94 <L0^A>:
    1f94:	0f 92       	push	r0
    1f96:	cd b7       	in	r28, 0x3d	; 61
    1f98:	de b7       	in	r29, 0x3e	; 62
    1f9a:	89 83       	std	Y+1, r24	; 0x01
    1f9c:	7b 83       	std	Y+3, r23	; 0x03
    1f9e:	6a 83       	std	Y+2, r22	; 0x02

00001fa0 <.Loc.76>:
    if(Copy_u8Channel == T1_Channel_A)
    1fa0:	89 81       	ldd	r24, Y+1	; 0x01
    1fa2:	81 15       	cp	r24, r1
    1fa4:	41 f4       	brne	.+16     	; 0x1fb6 <.L11>

00001fa6 <.Loc.77>:
    {
        OCR1A_Reg = Copy_u16CompareValue;
    1fa6:	8a e4       	ldi	r24, 0x4A	; 74
    1fa8:	90 e0       	ldi	r25, 0x00	; 0

00001faa <.Loc.78>:
    1faa:	2a 81       	ldd	r18, Y+2	; 0x02
    1fac:	3b 81       	ldd	r19, Y+3	; 0x03
    1fae:	fc 01       	movw	r30, r24
    1fb0:	31 83       	std	Z+1, r19	; 0x01
    1fb2:	20 83       	st	Z, r18

00001fb4 <.Loc.79>:
    }
    else
    {
        /* Error */
    }
}
    1fb4:	0a c0       	rjmp	.+20     	; 0x1fca <.L13>

00001fb6 <.L11>:
    else if(Copy_u8Channel == T1_Channel_B)
    1fb6:	89 81       	ldd	r24, Y+1	; 0x01
    1fb8:	81 30       	cpi	r24, 0x01	; 1
    1fba:	39 f4       	brne	.+14     	; 0x1fca <.L13>

00001fbc <.Loc.81>:
        OCR1B_Reg = Copy_u16CompareValue;
    1fbc:	88 e4       	ldi	r24, 0x48	; 72
    1fbe:	90 e0       	ldi	r25, 0x00	; 0

00001fc0 <.Loc.82>:
    1fc0:	2a 81       	ldd	r18, Y+2	; 0x02
    1fc2:	3b 81       	ldd	r19, Y+3	; 0x03
    1fc4:	fc 01       	movw	r30, r24
    1fc6:	31 83       	std	Z+1, r19	; 0x01
    1fc8:	20 83       	st	Z, r18

00001fca <.L13>:
}
    1fca:	00 00       	nop
    1fcc:	0f 90       	pop	r0
    1fce:	0f 90       	pop	r0
    1fd0:	0f 90       	pop	r0
    1fd2:	df 91       	pop	r29
    1fd4:	cf 91       	pop	r28
    1fd6:	08 95       	ret

00001fd8 <T1_GetCompareValue>:

void T1_GetCompareValue(uint8_t Copy_u8Channel, uint16_t *Copy_pu16CompareValue)
{
    1fd8:	cf 93       	push	r28
    1fda:	df 93       	push	r29
    1fdc:	00 d0       	rcall	.+0      	; 0x1fde <L0^A>

00001fde <L0^A>:
    1fde:	0f 92       	push	r0
    1fe0:	cd b7       	in	r28, 0x3d	; 61
    1fe2:	de b7       	in	r29, 0x3e	; 62
    1fe4:	89 83       	std	Y+1, r24	; 0x01
    1fe6:	7b 83       	std	Y+3, r23	; 0x03
    1fe8:	6a 83       	std	Y+2, r22	; 0x02

00001fea <.Loc.85>:
    if(Copy_pu16CompareValue != NULL)
    1fea:	8a 81       	ldd	r24, Y+2	; 0x02
    1fec:	9b 81       	ldd	r25, Y+3	; 0x03
    1fee:	00 97       	sbiw	r24, 0x00	; 0
    1ff0:	d9 f0       	breq	.+54     	; 0x2028 <.L17>

00001ff2 <.Loc.86>:
    {
        if(Copy_u8Channel == T1_Channel_A)
    1ff2:	89 81       	ldd	r24, Y+1	; 0x01
    1ff4:	81 15       	cp	r24, r1
    1ff6:	59 f4       	brne	.+22     	; 0x200e <.L16>

00001ff8 <.Loc.87>:
        {
            *Copy_pu16CompareValue = OCR1A_Reg;
    1ff8:	8a e4       	ldi	r24, 0x4A	; 74
    1ffa:	90 e0       	ldi	r25, 0x00	; 0
    1ffc:	fc 01       	movw	r30, r24
    1ffe:	20 81       	ld	r18, Z
    2000:	31 81       	ldd	r19, Z+1	; 0x01

00002002 <.Loc.88>:
    2002:	8a 81       	ldd	r24, Y+2	; 0x02
    2004:	9b 81       	ldd	r25, Y+3	; 0x03
    2006:	fc 01       	movw	r30, r24
    2008:	31 83       	std	Z+1, r19	; 0x01
    200a:	20 83       	st	Z, r18

0000200c <.Loc.89>:
    }
    else
    {
        /* Error */
    }
}
    200c:	0d c0       	rjmp	.+26     	; 0x2028 <.L17>

0000200e <.L16>:
        else if(Copy_u8Channel == T1_Channel_B)
    200e:	89 81       	ldd	r24, Y+1	; 0x01
    2010:	81 30       	cpi	r24, 0x01	; 1
    2012:	51 f4       	brne	.+20     	; 0x2028 <.L17>

00002014 <.Loc.91>:
            *Copy_pu16CompareValue = OCR1B_Reg;
    2014:	88 e4       	ldi	r24, 0x48	; 72
    2016:	90 e0       	ldi	r25, 0x00	; 0
    2018:	fc 01       	movw	r30, r24
    201a:	20 81       	ld	r18, Z
    201c:	31 81       	ldd	r19, Z+1	; 0x01

0000201e <.Loc.92>:
    201e:	8a 81       	ldd	r24, Y+2	; 0x02
    2020:	9b 81       	ldd	r25, Y+3	; 0x03
    2022:	fc 01       	movw	r30, r24
    2024:	31 83       	std	Z+1, r19	; 0x01
    2026:	20 83       	st	Z, r18

00002028 <.L17>:
}
    2028:	00 00       	nop
    202a:	0f 90       	pop	r0
    202c:	0f 90       	pop	r0
    202e:	0f 90       	pop	r0
    2030:	df 91       	pop	r29
    2032:	cf 91       	pop	r28
    2034:	08 95       	ret

00002036 <T1_SetCompareOutputMode>:

void T1_SetCompareOutputMode(uint8_t Copy_u8Channel, uint8_t Copy_u8CompareMode)
{
    2036:	cf 93       	push	r28
    2038:	df 93       	push	r29
    203a:	00 d0       	rcall	.+0      	; 0x203c <L0^A>

0000203c <L0^A>:
    203c:	cd b7       	in	r28, 0x3d	; 61
    203e:	de b7       	in	r29, 0x3e	; 62
    2040:	89 83       	std	Y+1, r24	; 0x01
    2042:	6a 83       	std	Y+2, r22	; 0x02

00002044 <.Loc.95>:
    if(Copy_u8CompareMode <= T1_OC_Inverting)
    2044:	8a 81       	ldd	r24, Y+2	; 0x02
    2046:	84 30       	cpi	r24, 0x04	; 4
    2048:	b8 f5       	brcc	.+110    	; 0x20b8 <.L21>

0000204a <.Loc.96>:
    {
        if(Copy_u8Channel == T1_Channel_A)
    204a:	89 81       	ldd	r24, Y+1	; 0x01
    204c:	81 15       	cp	r24, r1
    204e:	d1 f4       	brne	.+52     	; 0x2084 <.L20>

00002050 <.Loc.97>:
        {
            TCCR1A_Reg &= T1_COM1A_MASK;
    2050:	8f e4       	ldi	r24, 0x4F	; 79
    2052:	90 e0       	ldi	r25, 0x00	; 0
    2054:	fc 01       	movw	r30, r24
    2056:	20 81       	ld	r18, Z

00002058 <.Loc.98>:
    2058:	8f e4       	ldi	r24, 0x4F	; 79
    205a:	90 e0       	ldi	r25, 0x00	; 0

0000205c <.Loc.99>:
    205c:	2f 73       	andi	r18, 0x3F	; 63
    205e:	fc 01       	movw	r30, r24
    2060:	20 83       	st	Z, r18

00002062 <.Loc.100>:
            TCCR1A_Reg |= (Copy_u8CompareMode << Bit_COM1A0);
    2062:	8f e4       	ldi	r24, 0x4F	; 79
    2064:	90 e0       	ldi	r25, 0x00	; 0
    2066:	fc 01       	movw	r30, r24
    2068:	80 81       	ld	r24, Z
    206a:	98 2f       	mov	r25, r24

0000206c <.Loc.101>:
    206c:	8a 81       	ldd	r24, Y+2	; 0x02
    206e:	82 95       	swap	r24
    2070:	88 0f       	add	r24, r24
    2072:	88 0f       	add	r24, r24
    2074:	80 7c       	andi	r24, 0xC0	; 192
    2076:	29 2f       	mov	r18, r25
    2078:	28 2b       	or	r18, r24

0000207a <.Loc.102>:
    207a:	8f e4       	ldi	r24, 0x4F	; 79
    207c:	90 e0       	ldi	r25, 0x00	; 0

0000207e <.Loc.103>:
    207e:	fc 01       	movw	r30, r24
    2080:	20 83       	st	Z, r18

00002082 <.Loc.104>:
    }
    else
    {
        /* Error */
    }
}
    2082:	1a c0       	rjmp	.+52     	; 0x20b8 <.L21>

00002084 <.L20>:
        else if(Copy_u8Channel == T1_Channel_B)
    2084:	89 81       	ldd	r24, Y+1	; 0x01
    2086:	81 30       	cpi	r24, 0x01	; 1
    2088:	b9 f4       	brne	.+46     	; 0x20b8 <.L21>

0000208a <.Loc.106>:
            TCCR1A_Reg &= T1_COM1B_MASK;
    208a:	8f e4       	ldi	r24, 0x4F	; 79
    208c:	90 e0       	ldi	r25, 0x00	; 0
    208e:	fc 01       	movw	r30, r24
    2090:	20 81       	ld	r18, Z

00002092 <.Loc.107>:
    2092:	8f e4       	ldi	r24, 0x4F	; 79
    2094:	90 e0       	ldi	r25, 0x00	; 0

00002096 <.Loc.108>:
    2096:	2f 7c       	andi	r18, 0xCF	; 207
    2098:	fc 01       	movw	r30, r24
    209a:	20 83       	st	Z, r18

0000209c <.Loc.109>:
            TCCR1A_Reg |= (Copy_u8CompareMode << Bit_COM1B0);
    209c:	8f e4       	ldi	r24, 0x4F	; 79
    209e:	90 e0       	ldi	r25, 0x00	; 0
    20a0:	fc 01       	movw	r30, r24
    20a2:	80 81       	ld	r24, Z
    20a4:	98 2f       	mov	r25, r24

000020a6 <.Loc.110>:
    20a6:	8a 81       	ldd	r24, Y+2	; 0x02
    20a8:	82 95       	swap	r24
    20aa:	80 7f       	andi	r24, 0xF0	; 240
    20ac:	29 2f       	mov	r18, r25
    20ae:	28 2b       	or	r18, r24

000020b0 <.Loc.111>:
    20b0:	8f e4       	ldi	r24, 0x4F	; 79
    20b2:	90 e0       	ldi	r25, 0x00	; 0

000020b4 <.Loc.112>:
    20b4:	fc 01       	movw	r30, r24
    20b6:	20 83       	st	Z, r18

000020b8 <.L21>:
}
    20b8:	00 00       	nop
    20ba:	0f 90       	pop	r0
    20bc:	0f 90       	pop	r0
    20be:	df 91       	pop	r29
    20c0:	cf 91       	pop	r28
    20c2:	08 95       	ret

000020c4 <T1_SetICRValue>:

void T1_SetICRValue(uint16_t Copy_u16ICRValue)
{
    20c4:	cf 93       	push	r28
    20c6:	df 93       	push	r29
    20c8:	00 d0       	rcall	.+0      	; 0x20ca <L0^A>

000020ca <L0^A>:
    20ca:	cd b7       	in	r28, 0x3d	; 61
    20cc:	de b7       	in	r29, 0x3e	; 62
    20ce:	9a 83       	std	Y+2, r25	; 0x02
    20d0:	89 83       	std	Y+1, r24	; 0x01

000020d2 <.Loc.115>:
    ICR1_Reg = Copy_u16ICRValue;
    20d2:	86 e4       	ldi	r24, 0x46	; 70
    20d4:	90 e0       	ldi	r25, 0x00	; 0

000020d6 <.Loc.116>:
    20d6:	29 81       	ldd	r18, Y+1	; 0x01
    20d8:	3a 81       	ldd	r19, Y+2	; 0x02
    20da:	fc 01       	movw	r30, r24
    20dc:	31 83       	std	Z+1, r19	; 0x01
    20de:	20 83       	st	Z, r18

000020e0 <.Loc.117>:
}
    20e0:	00 00       	nop
    20e2:	0f 90       	pop	r0
    20e4:	0f 90       	pop	r0
    20e6:	df 91       	pop	r29
    20e8:	cf 91       	pop	r28
    20ea:	08 95       	ret

000020ec <T1_GetICRValue>:

void T1_GetICRValue(uint16_t *Copy_pu16ICRValue)
{
    20ec:	cf 93       	push	r28
    20ee:	df 93       	push	r29
    20f0:	00 d0       	rcall	.+0      	; 0x20f2 <L0^A>

000020f2 <L0^A>:
    20f2:	cd b7       	in	r28, 0x3d	; 61
    20f4:	de b7       	in	r29, 0x3e	; 62
    20f6:	9a 83       	std	Y+2, r25	; 0x02
    20f8:	89 83       	std	Y+1, r24	; 0x01

000020fa <.Loc.119>:
    if(Copy_pu16ICRValue != NULL)
    20fa:	89 81       	ldd	r24, Y+1	; 0x01
    20fc:	9a 81       	ldd	r25, Y+2	; 0x02
    20fe:	00 97       	sbiw	r24, 0x00	; 0
    2100:	51 f0       	breq	.+20     	; 0x2116 <.L25>

00002102 <.Loc.120>:
    {
        *Copy_pu16ICRValue = ICR1_Reg;
    2102:	86 e4       	ldi	r24, 0x46	; 70
    2104:	90 e0       	ldi	r25, 0x00	; 0
    2106:	fc 01       	movw	r30, r24
    2108:	20 81       	ld	r18, Z
    210a:	31 81       	ldd	r19, Z+1	; 0x01

0000210c <.Loc.121>:
    210c:	89 81       	ldd	r24, Y+1	; 0x01
    210e:	9a 81       	ldd	r25, Y+2	; 0x02
    2110:	fc 01       	movw	r30, r24
    2112:	31 83       	std	Z+1, r19	; 0x01
    2114:	20 83       	st	Z, r18

00002116 <.L25>:
    }
    else
    {
        /* Error */
    }
}
    2116:	00 00       	nop
    2118:	0f 90       	pop	r0
    211a:	0f 90       	pop	r0
    211c:	df 91       	pop	r29
    211e:	cf 91       	pop	r28
    2120:	08 95       	ret

00002122 <T1_SetInputCaptureEdge>:

void T1_SetInputCaptureEdge(uint8_t Copy_u8Edge)
{
    2122:	cf 93       	push	r28
    2124:	df 93       	push	r29
    2126:	0f 92       	push	r0
    2128:	cd b7       	in	r28, 0x3d	; 61
    212a:	de b7       	in	r29, 0x3e	; 62
    212c:	89 83       	std	Y+1, r24	; 0x01

0000212e <.Loc.124>:
    if(Copy_u8Edge == T1_IC_Edge_Rising)
    212e:	89 81       	ldd	r24, Y+1	; 0x01
    2130:	81 30       	cpi	r24, 0x01	; 1
    2132:	51 f4       	brne	.+20     	; 0x2148 <.L27>

00002134 <.Loc.125>:
    {
        SetBit(TCCR1B_Reg, Bit_ICES1);
    2134:	8e e4       	ldi	r24, 0x4E	; 78
    2136:	90 e0       	ldi	r25, 0x00	; 0
    2138:	fc 01       	movw	r30, r24
    213a:	20 81       	ld	r18, Z
    213c:	8e e4       	ldi	r24, 0x4E	; 78
    213e:	90 e0       	ldi	r25, 0x00	; 0
    2140:	20 64       	ori	r18, 0x40	; 64
    2142:	fc 01       	movw	r30, r24
    2144:	20 83       	st	Z, r18

00002146 <.Loc.126>:
    }
    else
    {
        ClearBit(TCCR1B_Reg, Bit_ICES1);
    }
}
    2146:	09 c0       	rjmp	.+18     	; 0x215a <.L29>

00002148 <.L27>:
        ClearBit(TCCR1B_Reg, Bit_ICES1);
    2148:	8e e4       	ldi	r24, 0x4E	; 78
    214a:	90 e0       	ldi	r25, 0x00	; 0
    214c:	fc 01       	movw	r30, r24
    214e:	20 81       	ld	r18, Z
    2150:	8e e4       	ldi	r24, 0x4E	; 78
    2152:	90 e0       	ldi	r25, 0x00	; 0
    2154:	2f 7b       	andi	r18, 0xBF	; 191
    2156:	fc 01       	movw	r30, r24
    2158:	20 83       	st	Z, r18

0000215a <.L29>:
}
    215a:	00 00       	nop
    215c:	0f 90       	pop	r0
    215e:	df 91       	pop	r29
    2160:	cf 91       	pop	r28
    2162:	08 95       	ret

00002164 <T1_InputCaptureNoiseCanceler>:

void T1_InputCaptureNoiseCanceler(uint8_t Copy_u8Enable)
{
    2164:	cf 93       	push	r28
    2166:	df 93       	push	r29
    2168:	0f 92       	push	r0
    216a:	cd b7       	in	r28, 0x3d	; 61
    216c:	de b7       	in	r29, 0x3e	; 62
    216e:	89 83       	std	Y+1, r24	; 0x01

00002170 <.Loc.130>:
    if(Copy_u8Enable != 0)
    2170:	89 81       	ldd	r24, Y+1	; 0x01
    2172:	81 15       	cp	r24, r1
    2174:	51 f0       	breq	.+20     	; 0x218a <.L31>

00002176 <.Loc.131>:
    {
        SetBit(TCCR1B_Reg, Bit_ICNC1);
    2176:	8e e4       	ldi	r24, 0x4E	; 78
    2178:	90 e0       	ldi	r25, 0x00	; 0
    217a:	fc 01       	movw	r30, r24
    217c:	20 81       	ld	r18, Z
    217e:	8e e4       	ldi	r24, 0x4E	; 78
    2180:	90 e0       	ldi	r25, 0x00	; 0
    2182:	20 68       	ori	r18, 0x80	; 128
    2184:	fc 01       	movw	r30, r24
    2186:	20 83       	st	Z, r18

00002188 <.Loc.132>:
    }
    else
    {
        ClearBit(TCCR1B_Reg, Bit_ICNC1);
    }
}
    2188:	09 c0       	rjmp	.+18     	; 0x219c <.L33>

0000218a <.L31>:
        ClearBit(TCCR1B_Reg, Bit_ICNC1);
    218a:	8e e4       	ldi	r24, 0x4E	; 78
    218c:	90 e0       	ldi	r25, 0x00	; 0
    218e:	fc 01       	movw	r30, r24
    2190:	20 81       	ld	r18, Z
    2192:	8e e4       	ldi	r24, 0x4E	; 78
    2194:	90 e0       	ldi	r25, 0x00	; 0
    2196:	2f 77       	andi	r18, 0x7F	; 127
    2198:	fc 01       	movw	r30, r24
    219a:	20 83       	st	Z, r18

0000219c <.L33>:
}
    219c:	00 00       	nop
    219e:	0f 90       	pop	r0
    21a0:	df 91       	pop	r29
    21a2:	cf 91       	pop	r28
    21a4:	08 95       	ret

000021a6 <T1_EnableInterrupt>:

void T1_EnableInterrupt(uint8_t Copy_u8InterruptSource)
{
    21a6:	cf 93       	push	r28
    21a8:	df 93       	push	r29
    21aa:	0f 92       	push	r0
    21ac:	cd b7       	in	r28, 0x3d	; 61
    21ae:	de b7       	in	r29, 0x3e	; 62
    21b0:	89 83       	std	Y+1, r24	; 0x01

000021b2 <.Loc.136>:
    switch(Copy_u8InterruptSource)
    21b2:	89 81       	ldd	r24, Y+1	; 0x01
    21b4:	88 2f       	mov	r24, r24
    21b6:	90 e0       	ldi	r25, 0x00	; 0
    21b8:	83 30       	cpi	r24, 0x03	; 3
    21ba:	91 05       	cpc	r25, r1
    21bc:	69 f1       	breq	.+90     	; 0x2218 <.L35>
    21be:	84 30       	cpi	r24, 0x04	; 4
    21c0:	91 05       	cpc	r25, r1
    21c2:	a4 f5       	brge	.+104    	; 0x222c <.L41>
    21c4:	82 30       	cpi	r24, 0x02	; 2
    21c6:	91 05       	cpc	r25, r1
    21c8:	e9 f0       	breq	.+58     	; 0x2204 <.L37>
    21ca:	83 30       	cpi	r24, 0x03	; 3
    21cc:	91 05       	cpc	r25, r1
    21ce:	74 f5       	brge	.+92     	; 0x222c <.L41>
    21d0:	00 97       	sbiw	r24, 0x00	; 0
    21d2:	21 f0       	breq	.+8      	; 0x21dc <.L38>
    21d4:	81 30       	cpi	r24, 0x01	; 1
    21d6:	91 05       	cpc	r25, r1
    21d8:	59 f0       	breq	.+22     	; 0x21f0 <.L39>

000021da <.Loc.137>:
    {
        case T1_InterruptOverflow:      SetBit(TIMSK_Reg, Bit_TOIE1);  break;
        case T1_InterruptCompareMatchA: SetBit(TIMSK_Reg, Bit_OCIE1A); break;
        case T1_InterruptCompareMatchB: SetBit(TIMSK_Reg, Bit_OCIE1B); break;
        case T1_InterruptInputCapture:  SetBit(TIMSK_Reg, Bit_TICIE1); break;
        default: /* Error */ break;
    21da:	28 c0       	rjmp	.+80     	; 0x222c <.L41>

000021dc <.L38>:
        case T1_InterruptOverflow:      SetBit(TIMSK_Reg, Bit_TOIE1);  break;
    21dc:	89 e5       	ldi	r24, 0x59	; 89
    21de:	90 e0       	ldi	r25, 0x00	; 0
    21e0:	fc 01       	movw	r30, r24
    21e2:	20 81       	ld	r18, Z
    21e4:	89 e5       	ldi	r24, 0x59	; 89
    21e6:	90 e0       	ldi	r25, 0x00	; 0
    21e8:	24 60       	ori	r18, 0x04	; 4
    21ea:	fc 01       	movw	r30, r24
    21ec:	20 83       	st	Z, r18

000021ee <.Loc.139>:
    21ee:	1f c0       	rjmp	.+62     	; 0x222e <.L40>

000021f0 <.L39>:
        case T1_InterruptCompareMatchA: SetBit(TIMSK_Reg, Bit_OCIE1A); break;
    21f0:	89 e5       	ldi	r24, 0x59	; 89
    21f2:	90 e0       	ldi	r25, 0x00	; 0
    21f4:	fc 01       	movw	r30, r24
    21f6:	20 81       	ld	r18, Z
    21f8:	89 e5       	ldi	r24, 0x59	; 89
    21fa:	90 e0       	ldi	r25, 0x00	; 0
    21fc:	20 61       	ori	r18, 0x10	; 16
    21fe:	fc 01       	movw	r30, r24
    2200:	20 83       	st	Z, r18

00002202 <.Loc.141>:
    2202:	15 c0       	rjmp	.+42     	; 0x222e <.L40>

00002204 <.L37>:
        case T1_InterruptCompareMatchB: SetBit(TIMSK_Reg, Bit_OCIE1B); break;
    2204:	89 e5       	ldi	r24, 0x59	; 89
    2206:	90 e0       	ldi	r25, 0x00	; 0
    2208:	fc 01       	movw	r30, r24
    220a:	20 81       	ld	r18, Z
    220c:	89 e5       	ldi	r24, 0x59	; 89
    220e:	90 e0       	ldi	r25, 0x00	; 0
    2210:	28 60       	ori	r18, 0x08	; 8
    2212:	fc 01       	movw	r30, r24
    2214:	20 83       	st	Z, r18

00002216 <.Loc.143>:
    2216:	0b c0       	rjmp	.+22     	; 0x222e <.L40>

00002218 <.L35>:
        case T1_InterruptInputCapture:  SetBit(TIMSK_Reg, Bit_TICIE1); break;
    2218:	89 e5       	ldi	r24, 0x59	; 89
    221a:	90 e0       	ldi	r25, 0x00	; 0
    221c:	fc 01       	movw	r30, r24
    221e:	20 81       	ld	r18, Z
    2220:	89 e5       	ldi	r24, 0x59	; 89
    2222:	90 e0       	ldi	r25, 0x00	; 0
    2224:	20 62       	ori	r18, 0x20	; 32
    2226:	fc 01       	movw	r30, r24
    2228:	20 83       	st	Z, r18

0000222a <.Loc.145>:
    222a:	01 c0       	rjmp	.+2      	; 0x222e <.L40>

0000222c <.L41>:
	...

0000222e <.L40>:
    }
}
    222e:	00 00       	nop
    2230:	0f 90       	pop	r0
    2232:	df 91       	pop	r29
    2234:	cf 91       	pop	r28
    2236:	08 95       	ret

00002238 <T1_DisableInterrupt>:

void T1_DisableInterrupt(uint8_t Copy_u8InterruptSource)
{
    2238:	cf 93       	push	r28
    223a:	df 93       	push	r29
    223c:	0f 92       	push	r0
    223e:	cd b7       	in	r28, 0x3d	; 61
    2240:	de b7       	in	r29, 0x3e	; 62
    2242:	89 83       	std	Y+1, r24	; 0x01

00002244 <.Loc.149>:
    switch(Copy_u8InterruptSource)
    2244:	89 81       	ldd	r24, Y+1	; 0x01
    2246:	88 2f       	mov	r24, r24
    2248:	90 e0       	ldi	r25, 0x00	; 0
    224a:	83 30       	cpi	r24, 0x03	; 3
    224c:	91 05       	cpc	r25, r1
    224e:	69 f1       	breq	.+90     	; 0x22aa <.L43>
    2250:	84 30       	cpi	r24, 0x04	; 4
    2252:	91 05       	cpc	r25, r1
    2254:	a4 f5       	brge	.+104    	; 0x22be <.L49>
    2256:	82 30       	cpi	r24, 0x02	; 2
    2258:	91 05       	cpc	r25, r1
    225a:	e9 f0       	breq	.+58     	; 0x2296 <.L45>
    225c:	83 30       	cpi	r24, 0x03	; 3
    225e:	91 05       	cpc	r25, r1
    2260:	74 f5       	brge	.+92     	; 0x22be <.L49>
    2262:	00 97       	sbiw	r24, 0x00	; 0
    2264:	21 f0       	breq	.+8      	; 0x226e <.L46>
    2266:	81 30       	cpi	r24, 0x01	; 1
    2268:	91 05       	cpc	r25, r1
    226a:	59 f0       	breq	.+22     	; 0x2282 <.L47>

0000226c <.Loc.150>:
    {
        case T1_InterruptOverflow:      ClearBit(TIMSK_Reg, Bit_TOIE1);  break;
        case T1_InterruptCompareMatchA: ClearBit(TIMSK_Reg, Bit_OCIE1A); break;
        case T1_InterruptCompareMatchB: ClearBit(TIMSK_Reg, Bit_OCIE1B); break;
        case T1_InterruptInputCapture:  ClearBit(TIMSK_Reg, Bit_TICIE1); break;
        default: /* Error */ break;
    226c:	28 c0       	rjmp	.+80     	; 0x22be <.L49>

0000226e <.L46>:
        case T1_InterruptOverflow:      ClearBit(TIMSK_Reg, Bit_TOIE1);  break;
    226e:	89 e5       	ldi	r24, 0x59	; 89
    2270:	90 e0       	ldi	r25, 0x00	; 0
    2272:	fc 01       	movw	r30, r24
    2274:	20 81       	ld	r18, Z
    2276:	89 e5       	ldi	r24, 0x59	; 89
    2278:	90 e0       	ldi	r25, 0x00	; 0
    227a:	2b 7f       	andi	r18, 0xFB	; 251
    227c:	fc 01       	movw	r30, r24
    227e:	20 83       	st	Z, r18

00002280 <.Loc.152>:
    2280:	1f c0       	rjmp	.+62     	; 0x22c0 <.L48>

00002282 <.L47>:
        case T1_InterruptCompareMatchA: ClearBit(TIMSK_Reg, Bit_OCIE1A); break;
    2282:	89 e5       	ldi	r24, 0x59	; 89
    2284:	90 e0       	ldi	r25, 0x00	; 0
    2286:	fc 01       	movw	r30, r24
    2288:	20 81       	ld	r18, Z
    228a:	89 e5       	ldi	r24, 0x59	; 89
    228c:	90 e0       	ldi	r25, 0x00	; 0
    228e:	2f 7e       	andi	r18, 0xEF	; 239
    2290:	fc 01       	movw	r30, r24
    2292:	20 83       	st	Z, r18

00002294 <.Loc.154>:
    2294:	15 c0       	rjmp	.+42     	; 0x22c0 <.L48>

00002296 <.L45>:
        case T1_InterruptCompareMatchB: ClearBit(TIMSK_Reg, Bit_OCIE1B); break;
    2296:	89 e5       	ldi	r24, 0x59	; 89
    2298:	90 e0       	ldi	r25, 0x00	; 0
    229a:	fc 01       	movw	r30, r24
    229c:	20 81       	ld	r18, Z
    229e:	89 e5       	ldi	r24, 0x59	; 89
    22a0:	90 e0       	ldi	r25, 0x00	; 0
    22a2:	27 7f       	andi	r18, 0xF7	; 247
    22a4:	fc 01       	movw	r30, r24
    22a6:	20 83       	st	Z, r18

000022a8 <.Loc.156>:
    22a8:	0b c0       	rjmp	.+22     	; 0x22c0 <.L48>

000022aa <.L43>:
        case T1_InterruptInputCapture:  ClearBit(TIMSK_Reg, Bit_TICIE1); break;
    22aa:	89 e5       	ldi	r24, 0x59	; 89
    22ac:	90 e0       	ldi	r25, 0x00	; 0
    22ae:	fc 01       	movw	r30, r24
    22b0:	20 81       	ld	r18, Z
    22b2:	89 e5       	ldi	r24, 0x59	; 89
    22b4:	90 e0       	ldi	r25, 0x00	; 0
    22b6:	2f 7d       	andi	r18, 0xDF	; 223
    22b8:	fc 01       	movw	r30, r24
    22ba:	20 83       	st	Z, r18

000022bc <.Loc.158>:
    22bc:	01 c0       	rjmp	.+2      	; 0x22c0 <.L48>

000022be <.L49>:
	...

000022c0 <.L48>:
    }
}
    22c0:	00 00       	nop
    22c2:	0f 90       	pop	r0
    22c4:	df 91       	pop	r29
    22c6:	cf 91       	pop	r28
    22c8:	08 95       	ret

000022ca <T1_SetCallBack>:

void T1_SetCallBack(void (*Copy_pfLocalFunction)(void), uint8_t Copy_u8InterruptSource)
{
    22ca:	cf 93       	push	r28
    22cc:	df 93       	push	r29
    22ce:	00 d0       	rcall	.+0      	; 0x22d0 <L0^A>

000022d0 <L0^A>:
    22d0:	0f 92       	push	r0
    22d2:	cd b7       	in	r28, 0x3d	; 61
    22d4:	de b7       	in	r29, 0x3e	; 62
    22d6:	9a 83       	std	Y+2, r25	; 0x02
    22d8:	89 83       	std	Y+1, r24	; 0x01
    22da:	6b 83       	std	Y+3, r22	; 0x03

000022dc <.Loc.162>:
    if(Copy_pfLocalFunction != NULL)
    22dc:	89 81       	ldd	r24, Y+1	; 0x01
    22de:	9a 81       	ldd	r25, Y+2	; 0x02
    22e0:	00 97       	sbiw	r24, 0x00	; 0
    22e2:	79 f0       	breq	.+30     	; 0x2302 <.L52>

000022e4 <.Loc.163>:
    {
        if(Copy_u8InterruptSource < T1_NumberOfInterrupts)
    22e4:	8b 81       	ldd	r24, Y+3	; 0x03
    22e6:	84 30       	cpi	r24, 0x04	; 4
    22e8:	60 f4       	brcc	.+24     	; 0x2302 <.L52>

000022ea <.Loc.164>:
        {
            T1_CallBackArr[Copy_u8InterruptSource] = Copy_pfLocalFunction;
    22ea:	8b 81       	ldd	r24, Y+3	; 0x03
    22ec:	88 2f       	mov	r24, r24
    22ee:	90 e0       	ldi	r25, 0x00	; 0

000022f0 <.Loc.165>:
    22f0:	88 0f       	add	r24, r24
    22f2:	99 1f       	adc	r25, r25
    22f4:	84 58       	subi	r24, 0x84	; 132
    22f6:	9f 4f       	sbci	r25, 0xFF	; 255
    22f8:	29 81       	ldd	r18, Y+1	; 0x01
    22fa:	3a 81       	ldd	r19, Y+2	; 0x02
    22fc:	fc 01       	movw	r30, r24
    22fe:	31 83       	std	Z+1, r19	; 0x01
    2300:	20 83       	st	Z, r18

00002302 <.L52>:
    }
    else
    {
        /* Error */
    }
}
    2302:	00 00       	nop
    2304:	0f 90       	pop	r0
    2306:	0f 90       	pop	r0
    2308:	0f 90       	pop	r0
    230a:	df 91       	pop	r29
    230c:	cf 91       	pop	r28
    230e:	08 95       	ret

00002310 <__vector_6>:

/*ISR*/
void __vector_6()   /* Timer1 Input Capture */
{
    2310:	1f 92       	push	r1
    2312:	0f 92       	push	r0
    2314:	0f b6       	in	r0, 0x3f	; 63
    2316:	0f 92       	push	r0
    2318:	11 24       	eor	r1, r1
    231a:	2f 93       	push	r18
    231c:	3f 93       	push	r19
    231e:	4f 93       	push	r20
    2320:	5f 93       	push	r21
    2322:	6f 93       	push	r22
    2324:	7f 93       	push	r23
    2326:	8f 93       	push	r24
    2328:	9f 93       	push	r25
    232a:	af 93       	push	r26
    232c:	bf 93       	push	r27
    232e:	ef 93       	push	r30
    2330:	ff 93       	push	r31
    2332:	cf 93       	push	r28
    2334:	df 93       	push	r29
    2336:	cd b7       	in	r28, 0x3d	; 61
    2338:	de b7       	in	r29, 0x3e	; 62

0000233a <.Loc.168>:
    if(T1_CallBackArr[T1_InterruptInputCapture] != NULL)
    233a:	80 91 82 00 	lds	r24, 0x0082	; 0x800082 <T1_CallBackArr+0x6>
    233e:	90 91 83 00 	lds	r25, 0x0083	; 0x800083 <T1_CallBackArr+0x7>

00002342 <.Loc.169>:
    2342:	00 97       	sbiw	r24, 0x00	; 0
    2344:	31 f0       	breq	.+12     	; 0x2352 <.L55>

00002346 <.Loc.170>:
    {
        T1_CallBackArr[T1_InterruptInputCapture]();
    2346:	80 91 82 00 	lds	r24, 0x0082	; 0x800082 <T1_CallBackArr+0x6>
    234a:	90 91 83 00 	lds	r25, 0x0083	; 0x800083 <T1_CallBackArr+0x7>

0000234e <.Loc.171>:
    234e:	fc 01       	movw	r30, r24
    2350:	09 95       	icall

00002352 <.L55>:
    }
}
    2352:	00 00       	nop
    2354:	df 91       	pop	r29
    2356:	cf 91       	pop	r28
    2358:	ff 91       	pop	r31
    235a:	ef 91       	pop	r30
    235c:	bf 91       	pop	r27
    235e:	af 91       	pop	r26
    2360:	9f 91       	pop	r25
    2362:	8f 91       	pop	r24
    2364:	7f 91       	pop	r23
    2366:	6f 91       	pop	r22
    2368:	5f 91       	pop	r21
    236a:	4f 91       	pop	r20
    236c:	3f 91       	pop	r19
    236e:	2f 91       	pop	r18
    2370:	0f 90       	pop	r0
    2372:	0f be       	out	0x3f, r0	; 63
    2374:	0f 90       	pop	r0
    2376:	1f 90       	pop	r1
    2378:	18 95       	reti

0000237a <__vector_7>:

void __vector_7()   /* Timer1 Compare Match A */
{
    237a:	1f 92       	push	r1
    237c:	0f 92       	push	r0
    237e:	0f b6       	in	r0, 0x3f	; 63
    2380:	0f 92       	push	r0
    2382:	11 24       	eor	r1, r1
    2384:	2f 93       	push	r18
    2386:	3f 93       	push	r19
    2388:	4f 93       	push	r20
    238a:	5f 93       	push	r21
    238c:	6f 93       	push	r22
    238e:	7f 93       	push	r23
    2390:	8f 93       	push	r24
    2392:	9f 93       	push	r25
    2394:	af 93       	push	r26
    2396:	bf 93       	push	r27
    2398:	ef 93       	push	r30
    239a:	ff 93       	push	r31
    239c:	cf 93       	push	r28
    239e:	df 93       	push	r29
    23a0:	cd b7       	in	r28, 0x3d	; 61
    23a2:	de b7       	in	r29, 0x3e	; 62

000023a4 <.Loc.174>:
    if(T1_CallBackArr[T1_InterruptCompareMatchA] != NULL)
    23a4:	80 91 7e 00 	lds	r24, 0x007E	; 0x80007e <T1_CallBackArr+0x2>
    23a8:	90 91 7f 00 	lds	r25, 0x007F	; 0x80007f <T1_CallBackArr+0x3>

000023ac <.Loc.175>:
    23ac:	00 97       	sbiw	r24, 0x00	; 0
    23ae:	31 f0       	breq	.+12     	; 0x23bc <.L58>

000023b0 <.Loc.176>:
    {
        T1_CallBackArr[T1_InterruptCompareMatchA]();
    23b0:	80 91 7e 00 	lds	r24, 0x007E	; 0x80007e <T1_CallBackArr+0x2>
    23b4:	90 91 7f 00 	lds	r25, 0x007F	; 0x80007f <T1_CallBackArr+0x3>

000023b8 <.Loc.177>:
    23b8:	fc 01       	movw	r30, r24
    23ba:	09 95       	icall

000023bc <.L58>:
    }
}
    23bc:	00 00       	nop
    23be:	df 91       	pop	r29
    23c0:	cf 91       	pop	r28
    23c2:	ff 91       	pop	r31
    23c4:	ef 91       	pop	r30
    23c6:	bf 91       	pop	r27
    23c8:	af 91       	pop	r26
    23ca:	9f 91       	pop	r25
    23cc:	8f 91       	pop	r24
    23ce:	7f 91       	pop	r23
    23d0:	6f 91       	pop	r22
    23d2:	5f 91       	pop	r21
    23d4:	4f 91       	pop	r20
    23d6:	3f 91       	pop	r19
    23d8:	2f 91       	pop	r18
    23da:	0f 90       	pop	r0
    23dc:	0f be       	out	0x3f, r0	; 63
    23de:	0f 90       	pop	r0
    23e0:	1f 90       	pop	r1
    23e2:	18 95       	reti

000023e4 <__vector_8>:

void __vector_8()   /* Timer1 Compare Match B */
{
    23e4:	1f 92       	push	r1
    23e6:	0f 92       	push	r0
    23e8:	0f b6       	in	r0, 0x3f	; 63
    23ea:	0f 92       	push	r0
    23ec:	11 24       	eor	r1, r1
    23ee:	2f 93       	push	r18
    23f0:	3f 93       	push	r19
    23f2:	4f 93       	push	r20
    23f4:	5f 93       	push	r21
    23f6:	6f 93       	push	r22
    23f8:	7f 93       	push	r23
    23fa:	8f 93       	push	r24
    23fc:	9f 93       	push	r25
    23fe:	af 93       	push	r26
    2400:	bf 93       	push	r27
    2402:	ef 93       	push	r30
    2404:	ff 93       	push	r31
    2406:	cf 93       	push	r28
    2408:	df 93       	push	r29
    240a:	cd b7       	in	r28, 0x3d	; 61
    240c:	de b7       	in	r29, 0x3e	; 62

0000240e <.Loc.180>:
    if(T1_CallBackArr[T1_InterruptCompareMatchB] != NULL)
    240e:	80 91 80 00 	lds	r24, 0x0080	; 0x800080 <T1_CallBackArr+0x4>
    2412:	90 91 81 00 	lds	r25, 0x0081	; 0x800081 <T1_CallBackArr+0x5>

00002416 <.Loc.181>:
    2416:	00 97       	sbiw	r24, 0x00	; 0
    2418:	31 f0       	breq	.+12     	; 0x2426 <.L61>

0000241a <.Loc.182>:
    {
        T1_CallBackArr[T1_InterruptCompareMatchB]();
    241a:	80 91 80 00 	lds	r24, 0x0080	; 0x800080 <T1_CallBackArr+0x4>
    241e:	90 91 81 00 	lds	r25, 0x0081	; 0x800081 <T1_CallBackArr+0x5>

00002422 <.Loc.183>:
    2422:	fc 01       	movw	r30, r24
    2424:	09 95       	icall

00002426 <.L61>:
    }
}
    2426:	00 00       	nop
    2428:	df 91       	pop	r29
    242a:	cf 91       	pop	r28
    242c:	ff 91       	pop	r31
    242e:	ef 91       	pop	r30
    2430:	bf 91       	pop	r27
    2432:	af 91       	pop	r26
    2434:	9f 91       	pop	r25
    2436:	8f 91       	pop	r24
    2438:	7f 91       	pop	r23
    243a:	6f 91       	pop	r22
    243c:	5f 91       	pop	r21
    243e:	4f 91       	pop	r20
    2440:	3f 91       	pop	r19
    2442:	2f 91       	pop	r18
    2444:	0f 90       	pop	r0
    2446:	0f be       	out	0x3f, r0	; 63
    2448:	0f 90       	pop	r0
    244a:	1f 90       	pop	r1
    244c:	18 95       	reti

0000244e <__vector_9>:

void __vector_9()   /* Timer1 Overflow */
{
    244e:	1f 92       	push	r1
    2450:	0f 92       	push	r0
    2452:	0f b6       	in	r0, 0x3f	; 63
    2454:	0f 92       	push	r0
    2456:	11 24       	eor	r1, r1
    2458:	2f 93       	push	r18
    245a:	3f 93       	push	r19
    245c:	4f 93       	push	r20
    245e:	5f 93       	push	r21
    2460:	6f 93       	push	r22
    2462:	7f 93       	push	r23
    2464:	8f 93       	push	r24
    2466:	9f 93       	push	r25
    2468:	af 93       	push	r26
    246a:	bf 93       	push	r27
    246c:	ef 93       	push	r30
    246e:	ff 93       	push	r31
    2470:	cf 93       	push	r28
    2472:	df 93       	push	r29
    2474:	cd b7       	in	r28, 0x3d	; 61
    2476:	de b7       	in	r29, 0x3e	; 62

00002478 <.Loc.186>:
    if(T1_CallBackArr[T1_InterruptOverflow] != NULL)
    2478:	80 91 7c 00 	lds	r24, 0x007C	; 0x80007c <T1_CallBackArr>
    247c:	90 91 7d 00 	lds	r25, 0x007D	; 0x80007d <T1_CallBackArr+0x1>

00002480 <.Loc.187>:
    2480:	00 97       	sbiw	r24, 0x00	; 0
    2482:	31 f0       	breq	.+12     	; 0x2490 <.L64>

00002484 <.Loc.188>:
    {
        T1_CallBackArr[T1_InterruptOverflow]();
    2484:	80 91 7c 00 	lds	r24, 0x007C	; 0x80007c <T1_CallBackArr>
    2488:	90 91 7d 00 	lds	r25, 0x007D	; 0x80007d <T1_CallBackArr+0x1>

0000248c <.Loc.189>:
    248c:	fc 01       	movw	r30, r24
    248e:	09 95       	icall

00002490 <.L64>:
    }
}
    2490:	00 00       	nop
    2492:	df 91       	pop	r29
    2494:	cf 91       	pop	r28
    2496:	ff 91       	pop	r31
    2498:	ef 91       	pop	r30
    249a:	bf 91       	pop	r27
    249c:	af 91       	pop	r26
    249e:	9f 91       	pop	r25
    24a0:	8f 91       	pop	r24
    24a2:	7f 91       	pop	r23
    24a4:	6f 91       	pop	r22
    24a6:	5f 91       	pop	r21
    24a8:	4f 91       	pop	r20
    24aa:	3f 91       	pop	r19
    24ac:	2f 91       	pop	r18
    24ae:	0f 90       	pop	r0
    24b0:	0f be       	out	0x3f, r0	; 63
    24b2:	0f 90       	pop	r0
    24b4:	1f 90       	pop	r1
    24b6:	18 95       	reti

000024b8 <T2_Init>:
static T2_CallBackFunc_t T2_CallBackArr[T2_NumberOfInterrupts] = {NULL, NULL};
static uint8_t T2_CurrentPrescaler = T2_NoClock;

/*API's*/
void T2_Init(uint8_t Copy_u8Mode, uint8_t Copy_u8Prescaler)
{
    24b8:	cf 93       	push	r28
    24ba:	df 93       	push	r29
    24bc:	00 d0       	rcall	.+0      	; 0x24be <L0^A>

000024be <L0^A>:
    24be:	cd b7       	in	r28, 0x3d	; 61
    24c0:	de b7       	in	r29, 0x3e	; 62
    24c2:	89 83       	std	Y+1, r24	; 0x01
    24c4:	6a 83       	std	Y+2, r22	; 0x02

000024c6 <.Loc.1>:
    /* Waveform Generation Mode */
    if(Copy_u8Mode <= T2_FastPWM)
    24c6:	89 81       	ldd	r24, Y+1	; 0x01
    24c8:	84 30       	cpi	r24, 0x04	; 4
    24ca:	08 f0       	brcs	.+2      	; 0x24ce <.Loc.2>

000024cc <L0^A>:
    24cc:	51 c0       	rjmp	.+162    	; 0x2570 <.L2>

000024ce <.Loc.2>:
    {
        ClearBit(TCCR2_Reg, Bit_WGM20);
    24ce:	85 e4       	ldi	r24, 0x45	; 69
    24d0:	90 e0       	ldi	r25, 0x00	; 0
    24d2:	fc 01       	movw	r30, r24
    24d4:	20 81       	ld	r18, Z
    24d6:	85 e4       	ldi	r24, 0x45	; 69
    24d8:	90 e0       	ldi	r25, 0x00	; 0
    24da:	2f 7b       	andi	r18, 0xBF	; 191
    24dc:	fc 01       	movw	r30, r24
    24de:	20 83       	st	Z, r18

000024e0 <.Loc.3>:
        ClearBit(TCCR2_Reg, Bit_WGM21);
    24e0:	85 e4       	ldi	r24, 0x45	; 69
    24e2:	90 e0       	ldi	r25, 0x00	; 0
    24e4:	fc 01       	movw	r30, r24
    24e6:	20 81       	ld	r18, Z
    24e8:	85 e4       	ldi	r24, 0x45	; 69
    24ea:	90 e0       	ldi	r25, 0x00	; 0
    24ec:	27 7f       	andi	r18, 0xF7	; 247
    24ee:	fc 01       	movw	r30, r24
    24f0:	20 83       	st	Z, r18

000024f2 <.Loc.4>:

        switch(Copy_u8Mode)
    24f2:	89 81       	ldd	r24, Y+1	; 0x01
    24f4:	88 2f       	mov	r24, r24
    24f6:	90 e0       	ldi	r25, 0x00	; 0
    24f8:	83 30       	cpi	r24, 0x03	; 3
    24fa:	91 05       	cpc	r25, r1
    24fc:	19 f1       	breq	.+70     	; 0x2544 <.L3>
    24fe:	84 30       	cpi	r24, 0x04	; 4
    2500:	91 05       	cpc	r25, r1
    2502:	9c f5       	brge	.+102    	; 0x256a <.L10>
    2504:	82 30       	cpi	r24, 0x02	; 2
    2506:	91 05       	cpc	r25, r1
    2508:	99 f0       	breq	.+38     	; 0x2530 <.L5>
    250a:	83 30       	cpi	r24, 0x03	; 3
    250c:	91 05       	cpc	r25, r1
    250e:	6c f5       	brge	.+90     	; 0x256a <.L10>
    2510:	00 97       	sbiw	r24, 0x00	; 0
    2512:	69 f1       	breq	.+90     	; 0x256e <.L11>
    2514:	81 30       	cpi	r24, 0x01	; 1
    2516:	91 05       	cpc	r25, r1
    2518:	09 f0       	breq	.+2      	; 0x251c <.L7>

0000251a <.Loc.5>:
            case T2_CTC: SetBit(TCCR2_Reg, Bit_WGM21); break;
            case T2_FastPWM:
                SetBit(TCCR2_Reg, Bit_WGM20);
                SetBit(TCCR2_Reg, Bit_WGM21);
                break;
            default: break;
    251a:	27 c0       	rjmp	.+78     	; 0x256a <.L10>

0000251c <.L7>:
            case T2_PWM_PhaseCorrect: SetBit(TCCR2_Reg, Bit_WGM20); break;
    251c:	85 e4       	ldi	r24, 0x45	; 69
    251e:	90 e0       	ldi	r25, 0x00	; 0
    2520:	fc 01       	movw	r30, r24
    2522:	20 81       	ld	r18, Z
    2524:	85 e4       	ldi	r24, 0x45	; 69
    2526:	90 e0       	ldi	r25, 0x00	; 0
    2528:	20 64       	ori	r18, 0x40	; 64
    252a:	fc 01       	movw	r30, r24
    252c:	20 83       	st	Z, r18

0000252e <.Loc.7>:
    252e:	20 c0       	rjmp	.+64     	; 0x2570 <.L2>

00002530 <.L5>:
            case T2_CTC: SetBit(TCCR2_Reg, Bit_WGM21); break;
    2530:	85 e4       	ldi	r24, 0x45	; 69
    2532:	90 e0       	ldi	r25, 0x00	; 0
    2534:	fc 01       	movw	r30, r24
    2536:	20 81       	ld	r18, Z
    2538:	85 e4       	ldi	r24, 0x45	; 69
    253a:	90 e0       	ldi	r25, 0x00	; 0
    253c:	28 60       	ori	r18, 0x08	; 8
    253e:	fc 01       	movw	r30, r24
    2540:	20 83       	st	Z, r18

00002542 <.Loc.9>:
    2542:	16 c0       	rjmp	.+44     	; 0x2570 <.L2>

00002544 <.L3>:
                SetBit(TCCR2_Reg, Bit_WGM20);
    2544:	85 e4       	ldi	r24, 0x45	; 69
    2546:	90 e0       	ldi	r25, 0x00	; 0
    2548:	fc 01       	movw	r30, r24
    254a:	20 81       	ld	r18, Z
    254c:	85 e4       	ldi	r24, 0x45	; 69
    254e:	90 e0       	ldi	r25, 0x00	; 0
    2550:	20 64       	ori	r18, 0x40	; 64
    2552:	fc 01       	movw	r30, r24
    2554:	20 83       	st	Z, r18

00002556 <.Loc.11>:
                SetBit(TCCR2_Reg, Bit_WGM21);
    2556:	85 e4       	ldi	r24, 0x45	; 69
    2558:	90 e0       	ldi	r25, 0x00	; 0
    255a:	fc 01       	movw	r30, r24
    255c:	20 81       	ld	r18, Z
    255e:	85 e4       	ldi	r24, 0x45	; 69
    2560:	90 e0       	ldi	r25, 0x00	; 0
    2562:	28 60       	ori	r18, 0x08	; 8
    2564:	fc 01       	movw	r30, r24
    2566:	20 83       	st	Z, r18

00002568 <.Loc.12>:
                break;
    2568:	03 c0       	rjmp	.+6      	; 0x2570 <.L2>

0000256a <.L10>:
            default: break;
    256a:	00 00       	nop
    256c:	01 c0       	rjmp	.+2      	; 0x2570 <.L2>

0000256e <.L11>:
	...

00002570 <.L2>:
    {
        /* Error */
    }

    /* Prescaler (also starts the timer) */
    if(Copy_u8Prescaler <= T2_Prescaler_1024)
    2570:	8a 81       	ldd	r24, Y+2	; 0x02
    2572:	88 30       	cpi	r24, 0x08	; 8
    2574:	b0 f4       	brcc	.+44     	; 0x25a2 <.L9>

00002576 <.Loc.16>:
    {
        TCCR2_Reg &= T2_CS_MASK;
    2576:	85 e4       	ldi	r24, 0x45	; 69
    2578:	90 e0       	ldi	r25, 0x00	; 0
    257a:	fc 01       	movw	r30, r24
    257c:	20 81       	ld	r18, Z

0000257e <.Loc.17>:
    257e:	85 e4       	ldi	r24, 0x45	; 69
    2580:	90 e0       	ldi	r25, 0x00	; 0

00002582 <.Loc.18>:
    2582:	28 7f       	andi	r18, 0xF8	; 248
    2584:	fc 01       	movw	r30, r24
    2586:	20 83       	st	Z, r18

00002588 <.Loc.19>:
        TCCR2_Reg |= Copy_u8Prescaler;
    2588:	85 e4       	ldi	r24, 0x45	; 69
    258a:	90 e0       	ldi	r25, 0x00	; 0
    258c:	fc 01       	movw	r30, r24
    258e:	30 81       	ld	r19, Z
    2590:	85 e4       	ldi	r24, 0x45	; 69
    2592:	90 e0       	ldi	r25, 0x00	; 0

00002594 <.Loc.20>:
    2594:	2a 81       	ldd	r18, Y+2	; 0x02
    2596:	23 2b       	or	r18, r19
    2598:	fc 01       	movw	r30, r24
    259a:	20 83       	st	Z, r18

0000259c <.Loc.21>:
        T2_CurrentPrescaler = Copy_u8Prescaler;
    259c:	8a 81       	ldd	r24, Y+2	; 0x02
    259e:	80 93 89 00 	sts	0x0089, r24	; 0x800089 <T2_CurrentPrescaler>

000025a2 <.L9>:
    else
    {
        /* Error */
    }

    TCNT2_Reg = T2_INITIAL_TCNT2_VALUE;
    25a2:	84 e4       	ldi	r24, 0x44	; 68
    25a4:	90 e0       	ldi	r25, 0x00	; 0

000025a6 <.Loc.23>:
    25a6:	fc 01       	movw	r30, r24
    25a8:	10 82       	st	Z, r1

000025aa <.Loc.24>:
    OCR2_Reg  = T2_INITIAL_OCR2_VALUE;
    25aa:	83 e4       	ldi	r24, 0x43	; 67
    25ac:	90 e0       	ldi	r25, 0x00	; 0

000025ae <.Loc.25>:
    25ae:	fc 01       	movw	r30, r24
    25b0:	10 82       	st	Z, r1

000025b2 <.Loc.26>:
}
    25b2:	00 00       	nop
    25b4:	0f 90       	pop	r0
    25b6:	0f 90       	pop	r0
    25b8:	df 91       	pop	r29
    25ba:	cf 91       	pop	r28
    25bc:	08 95       	ret

000025be <T2_DeInit>:

void T2_DeInit(void)
{
    25be:	cf 93       	push	r28
    25c0:	df 93       	push	r29
    25c2:	cd b7       	in	r28, 0x3d	; 61
    25c4:	de b7       	in	r29, 0x3e	; 62

000025c6 <.Loc.28>:
    TCCR2_Reg = 0x00;
    25c6:	85 e4       	ldi	r24, 0x45	; 69
    25c8:	90 e0       	ldi	r25, 0x00	; 0

000025ca <.Loc.29>:
    25ca:	fc 01       	movw	r30, r24
    25cc:	10 82       	st	Z, r1

000025ce <.Loc.30>:
    TCNT2_Reg = 0x00;
    25ce:	84 e4       	ldi	r24, 0x44	; 68
    25d0:	90 e0       	ldi	r25, 0x00	; 0

000025d2 <.Loc.31>:
    25d2:	fc 01       	movw	r30, r24
    25d4:	10 82       	st	Z, r1

000025d6 <.Loc.32>:
    OCR2_Reg  = 0x00;
    25d6:	83 e4       	ldi	r24, 0x43	; 67
    25d8:	90 e0       	ldi	r25, 0x00	; 0

000025da <.Loc.33>:
    25da:	fc 01       	movw	r30, r24
    25dc:	10 82       	st	Z, r1

000025de <.Loc.34>:
    ClearBit(TIMSK_Reg, Bit_TOIE2);
    25de:	89 e5       	ldi	r24, 0x59	; 89
    25e0:	90 e0       	ldi	r25, 0x00	; 0
    25e2:	fc 01       	movw	r30, r24
    25e4:	20 81       	ld	r18, Z
    25e6:	89 e5       	ldi	r24, 0x59	; 89
    25e8:	90 e0       	ldi	r25, 0x00	; 0
    25ea:	2f 7b       	andi	r18, 0xBF	; 191
    25ec:	fc 01       	movw	r30, r24
    25ee:	20 83       	st	Z, r18

000025f0 <.Loc.35>:
    ClearBit(TIMSK_Reg, Bit_OCIE2);
    25f0:	89 e5       	ldi	r24, 0x59	; 89
    25f2:	90 e0       	ldi	r25, 0x00	; 0
    25f4:	fc 01       	movw	r30, r24
    25f6:	20 81       	ld	r18, Z
    25f8:	89 e5       	ldi	r24, 0x59	; 89
    25fa:	90 e0       	ldi	r25, 0x00	; 0
    25fc:	2f 77       	andi	r18, 0x7F	; 127
    25fe:	fc 01       	movw	r30, r24
    2600:	20 83       	st	Z, r18

00002602 <.Loc.36>:
    T2_CurrentPrescaler = T2_NoClock;
    2602:	10 92 89 00 	sts	0x0089, r1	; 0x800089 <T2_CurrentPrescaler>

00002606 <.Loc.37>:
}
    2606:	00 00       	nop
    2608:	df 91       	pop	r29
    260a:	cf 91       	pop	r28
    260c:	08 95       	ret

0000260e <T2_Start>:

void T2_Start(void)
{
    260e:	cf 93       	push	r28
    2610:	df 93       	push	r29
    2612:	cd b7       	in	r28, 0x3d	; 61
    2614:	de b7       	in	r29, 0x3e	; 62

00002616 <.Loc.39>:
    TCCR2_Reg &= T2_CS_MASK;
    2616:	85 e4       	ldi	r24, 0x45	; 69
    2618:	90 e0       	ldi	r25, 0x00	; 0
    261a:	fc 01       	movw	r30, r24
    261c:	20 81       	ld	r18, Z

0000261e <.Loc.40>:
    261e:	85 e4       	ldi	r24, 0x45	; 69
    2620:	90 e0       	ldi	r25, 0x00	; 0

00002622 <.Loc.41>:
    2622:	28 7f       	andi	r18, 0xF8	; 248
    2624:	fc 01       	movw	r30, r24
    2626:	20 83       	st	Z, r18

00002628 <.Loc.42>:
    TCCR2_Reg |= T2_CurrentPrescaler;
    2628:	85 e4       	ldi	r24, 0x45	; 69
    262a:	90 e0       	ldi	r25, 0x00	; 0
    262c:	fc 01       	movw	r30, r24
    262e:	30 81       	ld	r19, Z

00002630 <.Loc.43>:
    2630:	20 91 89 00 	lds	r18, 0x0089	; 0x800089 <T2_CurrentPrescaler>

00002634 <.Loc.44>:
    2634:	85 e4       	ldi	r24, 0x45	; 69
    2636:	90 e0       	ldi	r25, 0x00	; 0

00002638 <.Loc.45>:
    2638:	23 2b       	or	r18, r19
    263a:	fc 01       	movw	r30, r24
    263c:	20 83       	st	Z, r18

0000263e <.Loc.46>:
}
    263e:	00 00       	nop
    2640:	df 91       	pop	r29
    2642:	cf 91       	pop	r28
    2644:	08 95       	ret

00002646 <T2_Stop>:

void T2_Stop(void)
{
    2646:	cf 93       	push	r28
    2648:	df 93       	push	r29
    264a:	cd b7       	in	r28, 0x3d	; 61
    264c:	de b7       	in	r29, 0x3e	; 62

0000264e <.Loc.48>:
    TCCR2_Reg &= T2_CS_MASK;
    264e:	85 e4       	ldi	r24, 0x45	; 69
    2650:	90 e0       	ldi	r25, 0x00	; 0
    2652:	fc 01       	movw	r30, r24
    2654:	20 81       	ld	r18, Z

00002656 <.Loc.49>:
    2656:	85 e4       	ldi	r24, 0x45	; 69
    2658:	90 e0       	ldi	r25, 0x00	; 0

0000265a <.Loc.50>:
    265a:	28 7f       	andi	r18, 0xF8	; 248
    265c:	fc 01       	movw	r30, r24
    265e:	20 83       	st	Z, r18

00002660 <.Loc.51>:
}
    2660:	00 00       	nop
    2662:	df 91       	pop	r29
    2664:	cf 91       	pop	r28
    2666:	08 95       	ret

00002668 <T2_SetTimerValue>:

void T2_SetTimerValue(uint8_t Copy_u8TimerValue)
{
    2668:	cf 93       	push	r28
    266a:	df 93       	push	r29
    266c:	0f 92       	push	r0
    266e:	cd b7       	in	r28, 0x3d	; 61
    2670:	de b7       	in	r29, 0x3e	; 62
    2672:	89 83       	std	Y+1, r24	; 0x01

00002674 <.Loc.53>:
    TCNT2_Reg = Copy_u8TimerValue;
    2674:	84 e4       	ldi	r24, 0x44	; 68
    2676:	90 e0       	ldi	r25, 0x00	; 0

00002678 <.Loc.54>:
    2678:	29 81       	ldd	r18, Y+1	; 0x01
    267a:	fc 01       	movw	r30, r24
    267c:	20 83       	st	Z, r18

0000267e <.Loc.55>:
}
    267e:	00 00       	nop
    2680:	0f 90       	pop	r0
    2682:	df 91       	pop	r29
    2684:	cf 91       	pop	r28
    2686:	08 95       	ret

00002688 <T2_GetTimerValue>:

void T2_GetTimerValue(uint8_t *Copy_pu8TimerValue)
{
    2688:	cf 93       	push	r28
    268a:	df 93       	push	r29
    268c:	00 d0       	rcall	.+0      	; 0x268e <L0^A>

0000268e <L0^A>:
    268e:	cd b7       	in	r28, 0x3d	; 61
    2690:	de b7       	in	r29, 0x3e	; 62
    2692:	9a 83       	std	Y+2, r25	; 0x02
    2694:	89 83       	std	Y+1, r24	; 0x01

00002696 <.Loc.57>:
    if(Copy_pu8TimerValue != NULL)
    2696:	89 81       	ldd	r24, Y+1	; 0x01
    2698:	9a 81       	ldd	r25, Y+2	; 0x02
    269a:	00 97       	sbiw	r24, 0x00	; 0
    269c:	41 f0       	breq	.+16     	; 0x26ae <.L18>

0000269e <.Loc.58>:
    {
        *Copy_pu8TimerValue = TCNT2_Reg;
    269e:	84 e4       	ldi	r24, 0x44	; 68
    26a0:	90 e0       	ldi	r25, 0x00	; 0
    26a2:	fc 01       	movw	r30, r24
    26a4:	20 81       	ld	r18, Z

000026a6 <.Loc.59>:
    26a6:	89 81       	ldd	r24, Y+1	; 0x01
    26a8:	9a 81       	ldd	r25, Y+2	; 0x02
    26aa:	fc 01       	movw	r30, r24
    26ac:	20 83       	st	Z, r18

000026ae <.L18>:
    }
    else
    {
        /* Error */
    }
}
    26ae:	00 00       	nop
    26b0:	0f 90       	pop	r0
    26b2:	0f 90       	pop	r0
    26b4:	df 91       	pop	r29
    26b6:	cf 91       	pop	r28
    26b8:	08 95       	ret

000026ba <T2_SetCompareValue>:

void T2_SetCompareValue(uint8_t Copy_u8CompareValue)
{
    26ba:	cf 93       	push	r28
    26bc:	df 93       	push	r29
    26be:	0f 92       	push	r0
    26c0:	cd b7       	in	r28, 0x3d	; 61
    26c2:	de b7       	in	r29, 0x3e	; 62
    26c4:	89 83       	std	Y+1, r24	; 0x01

000026c6 <.Loc.62>:
    OCR2_Reg = Copy_u8CompareValue;
    26c6:	83 e4       	ldi	r24, 0x43	; 67
    26c8:	90 e0       	ldi	r25, 0x00	; 0

000026ca <.Loc.63>:
    26ca:	29 81       	ldd	r18, Y+1	; 0x01
    26cc:	fc 01       	movw	r30, r24
    26ce:	20 83       	st	Z, r18

000026d0 <.Loc.64>:
}
    26d0:	00 00       	nop
    26d2:	0f 90       	pop	r0
    26d4:	df 91       	pop	r29
    26d6:	cf 91       	pop	r28
    26d8:	08 95       	ret

000026da <T2_GetCompareValue>:

void T2_GetCompareValue(uint8_t *Copy_pu8CompareValue)
{
    26da:	cf 93       	push	r28
    26dc:	df 93       	push	r29
    26de:	00 d0       	rcall	.+0      	; 0x26e0 <L0^A>

000026e0 <L0^A>:
    26e0:	cd b7       	in	r28, 0x3d	; 61
    26e2:	de b7       	in	r29, 0x3e	; 62
    26e4:	9a 83       	std	Y+2, r25	; 0x02
    26e6:	89 83       	std	Y+1, r24	; 0x01

000026e8 <.Loc.66>:
    if(Copy_pu8CompareValue != NULL)
    26e8:	89 81       	ldd	r24, Y+1	; 0x01
    26ea:	9a 81       	ldd	r25, Y+2	; 0x02
    26ec:	00 97       	sbiw	r24, 0x00	; 0
    26ee:	41 f0       	breq	.+16     	; 0x2700 <.L22>

000026f0 <.Loc.67>:
    {
        *Copy_pu8CompareValue = OCR2_Reg;
    26f0:	83 e4       	ldi	r24, 0x43	; 67
    26f2:	90 e0       	ldi	r25, 0x00	; 0
    26f4:	fc 01       	movw	r30, r24
    26f6:	20 81       	ld	r18, Z

000026f8 <.Loc.68>:
    26f8:	89 81       	ldd	r24, Y+1	; 0x01
    26fa:	9a 81       	ldd	r25, Y+2	; 0x02
    26fc:	fc 01       	movw	r30, r24
    26fe:	20 83       	st	Z, r18

00002700 <.L22>:
    }
    else
    {
        /* Error */
    }
}
    2700:	00 00       	nop
    2702:	0f 90       	pop	r0
    2704:	0f 90       	pop	r0
    2706:	df 91       	pop	r29
    2708:	cf 91       	pop	r28
    270a:	08 95       	ret

0000270c <T2_SetCompareOutputMode>:

void T2_SetCompareOutputMode(uint8_t Copy_u8CompareMode)
{
    270c:	cf 93       	push	r28
    270e:	df 93       	push	r29
    2710:	0f 92       	push	r0
    2712:	cd b7       	in	r28, 0x3d	; 61
    2714:	de b7       	in	r29, 0x3e	; 62
    2716:	89 83       	std	Y+1, r24	; 0x01

00002718 <.Loc.71>:
    if(Copy_u8CompareMode <= T2_OC2_Inverting)
    2718:	89 81       	ldd	r24, Y+1	; 0x01
    271a:	84 30       	cpi	r24, 0x04	; 4
    271c:	b8 f4       	brcc	.+46     	; 0x274c <.L25>

0000271e <.Loc.72>:
    {
        TCCR2_Reg &= T2_COM_MASK;
    271e:	85 e4       	ldi	r24, 0x45	; 69
    2720:	90 e0       	ldi	r25, 0x00	; 0
    2722:	fc 01       	movw	r30, r24
    2724:	20 81       	ld	r18, Z

00002726 <.Loc.73>:
    2726:	85 e4       	ldi	r24, 0x45	; 69
    2728:	90 e0       	ldi	r25, 0x00	; 0

0000272a <.Loc.74>:
    272a:	2f 7c       	andi	r18, 0xCF	; 207
    272c:	fc 01       	movw	r30, r24
    272e:	20 83       	st	Z, r18

00002730 <.Loc.75>:
        TCCR2_Reg |= (Copy_u8CompareMode << Bit_COM20);
    2730:	85 e4       	ldi	r24, 0x45	; 69
    2732:	90 e0       	ldi	r25, 0x00	; 0
    2734:	fc 01       	movw	r30, r24
    2736:	80 81       	ld	r24, Z
    2738:	98 2f       	mov	r25, r24

0000273a <.Loc.76>:
    273a:	89 81       	ldd	r24, Y+1	; 0x01
    273c:	82 95       	swap	r24
    273e:	80 7f       	andi	r24, 0xF0	; 240
    2740:	29 2f       	mov	r18, r25
    2742:	28 2b       	or	r18, r24

00002744 <.Loc.77>:
    2744:	85 e4       	ldi	r24, 0x45	; 69
    2746:	90 e0       	ldi	r25, 0x00	; 0

00002748 <.Loc.78>:
    2748:	fc 01       	movw	r30, r24
    274a:	20 83       	st	Z, r18

0000274c <.L25>:
    }
    else
    {
        /* Error */
    }
}
    274c:	00 00       	nop
    274e:	0f 90       	pop	r0
    2750:	df 91       	pop	r29
    2752:	cf 91       	pop	r28
    2754:	08 95       	ret

00002756 <T2_EnableInterrupt>:

void T2_EnableInterrupt(uint8_t Copy_u8InterruptSource)
{
    2756:	cf 93       	push	r28
    2758:	df 93       	push	r29
    275a:	0f 92       	push	r0
    275c:	cd b7       	in	r28, 0x3d	; 61
    275e:	de b7       	in	r29, 0x3e	; 62
    2760:	89 83       	std	Y+1, r24	; 0x01

00002762 <.Loc.81>:
    switch(Copy_u8InterruptSource)
    2762:	89 81       	ldd	r24, Y+1	; 0x01
    2764:	88 2f       	mov	r24, r24
    2766:	90 e0       	ldi	r25, 0x00	; 0
    2768:	00 97       	sbiw	r24, 0x00	; 0
    276a:	21 f0       	breq	.+8      	; 0x2774 <.L27>
    276c:	81 30       	cpi	r24, 0x01	; 1
    276e:	91 05       	cpc	r25, r1
    2770:	59 f0       	breq	.+22     	; 0x2788 <.L28>

00002772 <.Loc.82>:
    {
        case T2_InterruptOverflow:     SetBit(TIMSK_Reg, Bit_TOIE2); break;
        case T2_InterruptCompareMatch: SetBit(TIMSK_Reg, Bit_OCIE2); break;
        default: /* Error */ break;
    2772:	14 c0       	rjmp	.+40     	; 0x279c <.L30>

00002774 <.L27>:
        case T2_InterruptOverflow:     SetBit(TIMSK_Reg, Bit_TOIE2); break;
    2774:	89 e5       	ldi	r24, 0x59	; 89
    2776:	90 e0       	ldi	r25, 0x00	; 0
    2778:	fc 01       	movw	r30, r24
    277a:	20 81       	ld	r18, Z
    277c:	89 e5       	ldi	r24, 0x59	; 89
    277e:	90 e0       	ldi	r25, 0x00	; 0
    2780:	20 64       	ori	r18, 0x40	; 64
    2782:	fc 01       	movw	r30, r24
    2784:	20 83       	st	Z, r18

00002786 <.Loc.84>:
    2786:	0a c0       	rjmp	.+20     	; 0x279c <.L30>

00002788 <.L28>:
        case T2_InterruptCompareMatch: SetBit(TIMSK_Reg, Bit_OCIE2); break;
    2788:	89 e5       	ldi	r24, 0x59	; 89
    278a:	90 e0       	ldi	r25, 0x00	; 0
    278c:	fc 01       	movw	r30, r24
    278e:	20 81       	ld	r18, Z
    2790:	89 e5       	ldi	r24, 0x59	; 89
    2792:	90 e0       	ldi	r25, 0x00	; 0
    2794:	20 68       	ori	r18, 0x80	; 128
    2796:	fc 01       	movw	r30, r24
    2798:	20 83       	st	Z, r18

0000279a <.Loc.86>:
	...

0000279c <.L30>:
    }
}
    279c:	00 00       	nop
    279e:	0f 90       	pop	r0
    27a0:	df 91       	pop	r29
    27a2:	cf 91       	pop	r28
    27a4:	08 95       	ret

000027a6 <T2_DisableInterrupt>:

void T2_DisableInterrupt(uint8_t Copy_u8InterruptSource)
{
    27a6:	cf 93       	push	r28
    27a8:	df 93       	push	r29
    27aa:	0f 92       	push	r0
    27ac:	cd b7       	in	r28, 0x3d	; 61
    27ae:	de b7       	in	r29, 0x3e	; 62
    27b0:	89 83       	std	Y+1, r24	; 0x01

000027b2 <.Loc.89>:
    switch(Copy_u8InterruptSource)
    27b2:	89 81       	ldd	r24, Y+1	; 0x01
    27b4:	88 2f       	mov	r24, r24
    27b6:	90 e0       	ldi	r25, 0x00	; 0
    27b8:	00 97       	sbiw	r24, 0x00	; 0
    27ba:	21 f0       	breq	.+8      	; 0x27c4 <.L32>
    27bc:	81 30       	cpi	r24, 0x01	; 1
    27be:	91 05       	cpc	r25, r1
    27c0:	59 f0       	breq	.+22     	; 0x27d8 <.L33>

000027c2 <.Loc.90>:
    {
        case T2_InterruptOverflow:     ClearBit(TIMSK_Reg, Bit_TOIE2); break;
        case T2_InterruptCompareMatch: ClearBit(TIMSK_Reg, Bit_OCIE2); break;
        default: /* Error */ break;
    27c2:	14 c0       	rjmp	.+40     	; 0x27ec <.L35>

000027c4 <.L32>:
        case T2_InterruptOverflow:     ClearBit(TIMSK_Reg, Bit_TOIE2); break;
    27c4:	89 e5       	ldi	r24, 0x59	; 89
    27c6:	90 e0       	ldi	r25, 0x00	; 0
    27c8:	fc 01       	movw	r30, r24
    27ca:	20 81       	ld	r18, Z
    27cc:	89 e5       	ldi	r24, 0x59	; 89
    27ce:	90 e0       	ldi	r25, 0x00	; 0
    27d0:	2f 7b       	andi	r18, 0xBF	; 191
    27d2:	fc 01       	movw	r30, r24
    27d4:	20 83       	st	Z, r18

000027d6 <.Loc.92>:
    27d6:	0a c0       	rjmp	.+20     	; 0x27ec <.L35>

000027d8 <.L33>:
        case T2_InterruptCompareMatch: ClearBit(TIMSK_Reg, Bit_OCIE2); break;
    27d8:	89 e5       	ldi	r24, 0x59	; 89
    27da:	90 e0       	ldi	r25, 0x00	; 0
    27dc:	fc 01       	movw	r30, r24
    27de:	20 81       	ld	r18, Z
    27e0:	89 e5       	ldi	r24, 0x59	; 89
    27e2:	90 e0       	ldi	r25, 0x00	; 0
    27e4:	2f 77       	andi	r18, 0x7F	; 127
    27e6:	fc 01       	movw	r30, r24
    27e8:	20 83       	st	Z, r18

000027ea <.Loc.94>:
	...

000027ec <.L35>:
    }
}
    27ec:	00 00       	nop
    27ee:	0f 90       	pop	r0
    27f0:	df 91       	pop	r29
    27f2:	cf 91       	pop	r28
    27f4:	08 95       	ret

000027f6 <T2_SetCallBack>:

void T2_SetCallBack(void (*Copy_pfLocalFunction)(void), uint8_t Copy_u8InterruptSource)
{
    27f6:	cf 93       	push	r28
    27f8:	df 93       	push	r29
    27fa:	00 d0       	rcall	.+0      	; 0x27fc <L0^A>

000027fc <L0^A>:
    27fc:	0f 92       	push	r0
    27fe:	cd b7       	in	r28, 0x3d	; 61
    2800:	de b7       	in	r29, 0x3e	; 62
    2802:	9a 83       	std	Y+2, r25	; 0x02
    2804:	89 83       	std	Y+1, r24	; 0x01
    2806:	6b 83       	std	Y+3, r22	; 0x03

00002808 <.Loc.97>:
    if(Copy_pfLocalFunction != NULL)
    2808:	89 81       	ldd	r24, Y+1	; 0x01
    280a:	9a 81       	ldd	r25, Y+2	; 0x02
    280c:	00 97       	sbiw	r24, 0x00	; 0
    280e:	79 f0       	breq	.+30     	; 0x282e <.L38>

00002810 <.Loc.98>:
    {
        if(Copy_u8InterruptSource < T2_NumberOfInterrupts)
    2810:	8b 81       	ldd	r24, Y+3	; 0x03
    2812:	82 30       	cpi	r24, 0x02	; 2
    2814:	60 f4       	brcc	.+24     	; 0x282e <.L38>

00002816 <.Loc.99>:
        {
            T2_CallBackArr[Copy_u8InterruptSource] = Copy_pfLocalFunction;
    2816:	8b 81       	ldd	r24, Y+3	; 0x03
    2818:	88 2f       	mov	r24, r24
    281a:	90 e0       	ldi	r25, 0x00	; 0

0000281c <.Loc.100>:
    281c:	88 0f       	add	r24, r24
    281e:	99 1f       	adc	r25, r25
    2820:	8b 57       	subi	r24, 0x7B	; 123
    2822:	9f 4f       	sbci	r25, 0xFF	; 255
    2824:	29 81       	ldd	r18, Y+1	; 0x01
    2826:	3a 81       	ldd	r19, Y+2	; 0x02
    2828:	fc 01       	movw	r30, r24
    282a:	31 83       	std	Z+1, r19	; 0x01
    282c:	20 83       	st	Z, r18

0000282e <.L38>:
    }
    else
    {
        /* Error */
    }
}
    282e:	00 00       	nop
    2830:	0f 90       	pop	r0
    2832:	0f 90       	pop	r0
    2834:	0f 90       	pop	r0
    2836:	df 91       	pop	r29
    2838:	cf 91       	pop	r28
    283a:	08 95       	ret

0000283c <__vector_4>:

/*ISR*/
void __vector_4()   /* Timer2 Compare Match */
{
    283c:	1f 92       	push	r1
    283e:	0f 92       	push	r0
    2840:	0f b6       	in	r0, 0x3f	; 63
    2842:	0f 92       	push	r0
    2844:	11 24       	eor	r1, r1
    2846:	2f 93       	push	r18
    2848:	3f 93       	push	r19
    284a:	4f 93       	push	r20
    284c:	5f 93       	push	r21
    284e:	6f 93       	push	r22
    2850:	7f 93       	push	r23
    2852:	8f 93       	push	r24
    2854:	9f 93       	push	r25
    2856:	af 93       	push	r26
    2858:	bf 93       	push	r27
    285a:	ef 93       	push	r30
    285c:	ff 93       	push	r31
    285e:	cf 93       	push	r28
    2860:	df 93       	push	r29
    2862:	cd b7       	in	r28, 0x3d	; 61
    2864:	de b7       	in	r29, 0x3e	; 62

00002866 <.Loc.103>:
    if(T2_CallBackArr[T2_InterruptCompareMatch] != NULL)
    2866:	80 91 87 00 	lds	r24, 0x0087	; 0x800087 <T2_CallBackArr+0x2>
    286a:	90 91 88 00 	lds	r25, 0x0088	; 0x800088 <T2_CallBackArr+0x3>

0000286e <.Loc.104>:
    286e:	00 97       	sbiw	r24, 0x00	; 0
    2870:	31 f0       	breq	.+12     	; 0x287e <.L41>

00002872 <.Loc.105>:
    {
        T2_CallBackArr[T2_InterruptCompareMatch]();
    2872:	80 91 87 00 	lds	r24, 0x0087	; 0x800087 <T2_CallBackArr+0x2>
    2876:	90 91 88 00 	lds	r25, 0x0088	; 0x800088 <T2_CallBackArr+0x3>

0000287a <.Loc.106>:
    287a:	fc 01       	movw	r30, r24
    287c:	09 95       	icall

0000287e <.L41>:
    }
}
    287e:	00 00       	nop
    2880:	df 91       	pop	r29
    2882:	cf 91       	pop	r28
    2884:	ff 91       	pop	r31
    2886:	ef 91       	pop	r30
    2888:	bf 91       	pop	r27
    288a:	af 91       	pop	r26
    288c:	9f 91       	pop	r25
    288e:	8f 91       	pop	r24
    2890:	7f 91       	pop	r23
    2892:	6f 91       	pop	r22
    2894:	5f 91       	pop	r21
    2896:	4f 91       	pop	r20
    2898:	3f 91       	pop	r19
    289a:	2f 91       	pop	r18
    289c:	0f 90       	pop	r0
    289e:	0f be       	out	0x3f, r0	; 63
    28a0:	0f 90       	pop	r0
    28a2:	1f 90       	pop	r1
    28a4:	18 95       	reti

000028a6 <__vector_5>:

void __vector_5()   /* Timer2 Overflow */
{
    28a6:	1f 92       	push	r1
    28a8:	0f 92       	push	r0
    28aa:	0f b6       	in	r0, 0x3f	; 63
    28ac:	0f 92       	push	r0
    28ae:	11 24       	eor	r1, r1
    28b0:	2f 93       	push	r18
    28b2:	3f 93       	push	r19
    28b4:	4f 93       	push	r20
    28b6:	5f 93       	push	r21
    28b8:	6f 93       	push	r22
    28ba:	7f 93       	push	r23
    28bc:	8f 93       	push	r24
    28be:	9f 93       	push	r25
    28c0:	af 93       	push	r26
    28c2:	bf 93       	push	r27
    28c4:	ef 93       	push	r30
    28c6:	ff 93       	push	r31
    28c8:	cf 93       	push	r28
    28ca:	df 93       	push	r29
    28cc:	cd b7       	in	r28, 0x3d	; 61
    28ce:	de b7       	in	r29, 0x3e	; 62

000028d0 <.Loc.109>:
    if(T2_CallBackArr[T2_InterruptOverflow] != NULL)
    28d0:	80 91 85 00 	lds	r24, 0x0085	; 0x800085 <T2_CallBackArr>
    28d4:	90 91 86 00 	lds	r25, 0x0086	; 0x800086 <T2_CallBackArr+0x1>

000028d8 <.Loc.110>:
    28d8:	00 97       	sbiw	r24, 0x00	; 0
    28da:	31 f0       	breq	.+12     	; 0x28e8 <.L44>

000028dc <.Loc.111>:
    {
        T2_CallBackArr[T2_InterruptOverflow]();
    28dc:	80 91 85 00 	lds	r24, 0x0085	; 0x800085 <T2_CallBackArr>
    28e0:	90 91 86 00 	lds	r25, 0x0086	; 0x800086 <T2_CallBackArr+0x1>

000028e4 <.Loc.112>:
    28e4:	fc 01       	movw	r30, r24
    28e6:	09 95       	icall

000028e8 <.L44>:
    }
}
    28e8:	00 00       	nop
    28ea:	df 91       	pop	r29
    28ec:	cf 91       	pop	r28
    28ee:	ff 91       	pop	r31
    28f0:	ef 91       	pop	r30
    28f2:	bf 91       	pop	r27
    28f4:	af 91       	pop	r26
    28f6:	9f 91       	pop	r25
    28f8:	8f 91       	pop	r24
    28fa:	7f 91       	pop	r23
    28fc:	6f 91       	pop	r22
    28fe:	5f 91       	pop	r21
    2900:	4f 91       	pop	r20
    2902:	3f 91       	pop	r19
    2904:	2f 91       	pop	r18
    2906:	0f 90       	pop	r0
    2908:	0f be       	out	0x3f, r0	; 63
    290a:	0f 90       	pop	r0
    290c:	1f 90       	pop	r1
    290e:	18 95       	reti

00002910 <__umulhisi3>:
    2910:	a2 9f       	mul	r26, r18

00002912 <.Loc.1>:
    2912:	b0 01       	movw	r22, r0

00002914 <.Loc.2>:
    2914:	b3 9f       	mul	r27, r19

00002916 <.Loc.3>:
    2916:	c0 01       	movw	r24, r0

00002918 <.Loc.4>:
    2918:	a3 9f       	mul	r26, r19

0000291a <.Loc.5>:
    291a:	70 0d       	add	r23, r0

0000291c <.Loc.6>:
    291c:	81 1d       	adc	r24, r1

0000291e <.Loc.7>:
    291e:	11 24       	eor	r1, r1

00002920 <.Loc.8>:
    2920:	91 1d       	adc	r25, r1

00002922 <.Loc.9>:
    2922:	b2 9f       	mul	r27, r18

00002924 <.Loc.10>:
    2924:	70 0d       	add	r23, r0

00002926 <.Loc.11>:
    2926:	81 1d       	adc	r24, r1

00002928 <.Loc.12>:
    2928:	11 24       	eor	r1, r1

0000292a <.Loc.13>:
    292a:	91 1d       	adc	r25, r1

0000292c <.Loc.14>:
    292c:	08 95       	ret

0000292e <__divmodsi4>:
    292e:	05 2e       	mov	r0, r21

00002930 <.Loc.1>:
    2930:	97 fb       	bst	r25, 7

00002932 <.Loc.2>:
    2932:	1e f4       	brtc	.+6      	; 0x293a <.L0^B1>

00002934 <.Loc.3>:
    2934:	00 94       	com	r0

00002936 <.Loc.4>:
    2936:	0e 94 ae 14 	call	0x295c	; 0x295c <__negsi2>

0000293a <.L0^B1>:
    293a:	57 fd       	sbrc	r21, 7

0000293c <.Loc.6>:
    293c:	07 d0       	rcall	.+14     	; 0x294c <__divmodsi4_neg2>

0000293e <.Loc.7>:
    293e:	0e 94 b6 14 	call	0x296c	; 0x296c <__udivmodsi4>

00002942 <.Loc.8>:
    2942:	07 fc       	sbrc	r0, 7

00002944 <.Loc.9>:
    2944:	03 d0       	rcall	.+6      	; 0x294c <__divmodsi4_neg2>

00002946 <.Loc.10>:
    2946:	4e f4       	brtc	.+18     	; 0x295a <__divmodsi4_exit>

00002948 <.Loc.11>:
    2948:	0c 94 ae 14 	jmp	0x295c	; 0x295c <__negsi2>

0000294c <__divmodsi4_neg2>:
    294c:	50 95       	com	r21

0000294e <.Loc.13>:
    294e:	40 95       	com	r20

00002950 <.Loc.14>:
    2950:	30 95       	com	r19

00002952 <.Loc.15>:
    2952:	21 95       	neg	r18

00002954 <.Loc.16>:
    2954:	3f 4f       	sbci	r19, 0xFF	; 255

00002956 <.Loc.17>:
    2956:	4f 4f       	sbci	r20, 0xFF	; 255

00002958 <.Loc.18>:
    2958:	5f 4f       	sbci	r21, 0xFF	; 255

0000295a <__divmodsi4_exit>:
    295a:	08 95       	ret

0000295c <__negsi2>:
    295c:	90 95       	com	r25
    295e:	80 95       	com	r24
    2960:	70 95       	com	r23
    2962:	61 95       	neg	r22
    2964:	7f 4f       	sbci	r23, 0xFF	; 255
    2966:	8f 4f       	sbci	r24, 0xFF	; 255
    2968:	9f 4f       	sbci	r25, 0xFF	; 255

0000296a <.Loc.1>:
    296a:	08 95       	ret

0000296c <__udivmodsi4>:
    296c:	a1 e2       	ldi	r26, 0x21	; 33

0000296e <.Loc.1>:
    296e:	1a 2e       	mov	r1, r26

00002970 <.Loc.2>:
    2970:	aa 1b       	sub	r26, r26

00002972 <.Loc.3>:
    2972:	bb 1b       	sub	r27, r27

00002974 <.Loc.4>:
    2974:	fd 01       	movw	r30, r26

00002976 <.Loc.5>:
    2976:	0d c0       	rjmp	.+26     	; 0x2992 <__udivmodsi4_ep>

00002978 <__udivmodsi4_loop>:
    2978:	aa 1f       	adc	r26, r26

0000297a <.Loc.7>:
    297a:	bb 1f       	adc	r27, r27

0000297c <.Loc.8>:
    297c:	ee 1f       	adc	r30, r30

0000297e <.Loc.9>:
    297e:	ff 1f       	adc	r31, r31

00002980 <.Loc.10>:
    2980:	a2 17       	cp	r26, r18

00002982 <.Loc.11>:
    2982:	b3 07       	cpc	r27, r19

00002984 <.Loc.12>:
    2984:	e4 07       	cpc	r30, r20

00002986 <.Loc.13>:
    2986:	f5 07       	cpc	r31, r21

00002988 <.Loc.14>:
    2988:	20 f0       	brcs	.+8      	; 0x2992 <__udivmodsi4_ep>

0000298a <.Loc.15>:
    298a:	a2 1b       	sub	r26, r18

0000298c <.Loc.16>:
    298c:	b3 0b       	sbc	r27, r19

0000298e <.Loc.17>:
    298e:	e4 0b       	sbc	r30, r20

00002990 <.Loc.18>:
    2990:	f5 0b       	sbc	r31, r21

00002992 <__udivmodsi4_ep>:
    2992:	66 1f       	adc	r22, r22

00002994 <.Loc.20>:
    2994:	77 1f       	adc	r23, r23

00002996 <.Loc.21>:
    2996:	88 1f       	adc	r24, r24

00002998 <.Loc.22>:
    2998:	99 1f       	adc	r25, r25

0000299a <.Loc.23>:
    299a:	1a 94       	dec	r1

0000299c <.Loc.24>:
    299c:	69 f7       	brne	.-38     	; 0x2978 <__udivmodsi4_loop>

0000299e <.Loc.25>:
    299e:	60 95       	com	r22

000029a0 <.Loc.26>:
    29a0:	70 95       	com	r23

000029a2 <.Loc.27>:
    29a2:	80 95       	com	r24

000029a4 <.Loc.28>:
    29a4:	90 95       	com	r25

000029a6 <.Loc.29>:
    29a6:	9b 01       	movw	r18, r22

000029a8 <.Loc.30>:
    29a8:	ac 01       	movw	r20, r24

000029aa <.Loc.31>:
    29aa:	bd 01       	movw	r22, r26

000029ac <.Loc.32>:
    29ac:	cf 01       	movw	r24, r30

000029ae <.Loc.33>:
    29ae:	08 95       	ret

000029b0 <__cmpsf2>:
    29b0:	0e 94 0c 15 	call	0x2a18	; 0x2a18 <__fp_cmp>
    29b4:	08 f4       	brcc	.+2      	; 0x29b8 <.L1^B1>
    29b6:	81 e0       	ldi	r24, 0x01	; 1

000029b8 <.L1^B1>:
    29b8:	08 95       	ret

000029ba <__fixunssfsi>:
    29ba:	0e 94 38 15 	call	0x2a70	; 0x2a70 <__fp_splitA>
    29be:	88 f0       	brcs	.+34     	; 0x29e2 <.L_err>
    29c0:	9f 57       	subi	r25, 0x7F	; 127
    29c2:	98 f0       	brcs	.+38     	; 0x29ea <.L_zr>
    29c4:	b9 2f       	mov	r27, r25
    29c6:	99 27       	eor	r25, r25
    29c8:	b7 51       	subi	r27, 0x17	; 23
    29ca:	b0 f0       	brcs	.+44     	; 0x29f8 <.L4^B1>
    29cc:	e1 f0       	breq	.+56     	; 0x2a06 <.L_sign>

000029ce <.L1^B1>:
    29ce:	66 0f       	add	r22, r22
    29d0:	77 1f       	adc	r23, r23
    29d2:	88 1f       	adc	r24, r24
    29d4:	99 1f       	adc	r25, r25
    29d6:	1a f0       	brmi	.+6      	; 0x29de <.L2^B1>
    29d8:	ba 95       	dec	r27
    29da:	c9 f7       	brne	.-14     	; 0x29ce <.L1^B1>
    29dc:	14 c0       	rjmp	.+40     	; 0x2a06 <.L_sign>

000029de <.L2^B1>:
    29de:	b1 30       	cpi	r27, 0x01	; 1
    29e0:	91 f0       	breq	.+36     	; 0x2a06 <.L_sign>

000029e2 <.L_err>:
    29e2:	0e 94 52 15 	call	0x2aa4	; 0x2aa4 <__fp_zero>
    29e6:	b1 e0       	ldi	r27, 0x01	; 1
    29e8:	08 95       	ret

000029ea <.L_zr>:
    29ea:	0c 94 52 15 	jmp	0x2aa4	; 0x2aa4 <__fp_zero>

000029ee <.L3^B1>:
    29ee:	67 2f       	mov	r22, r23
    29f0:	78 2f       	mov	r23, r24
    29f2:	88 27       	eor	r24, r24
    29f4:	b8 5f       	subi	r27, 0xF8	; 248
    29f6:	39 f0       	breq	.+14     	; 0x2a06 <.L_sign>

000029f8 <.L4^B1>:
    29f8:	b9 3f       	cpi	r27, 0xF9	; 249
    29fa:	cc f3       	brlt	.-14     	; 0x29ee <.L3^B1>

000029fc <.L5^B1>:
    29fc:	86 95       	lsr	r24
    29fe:	77 95       	ror	r23
    2a00:	67 95       	ror	r22
    2a02:	b3 95       	inc	r27
    2a04:	d9 f7       	brne	.-10     	; 0x29fc <.L5^B1>

00002a06 <.L_sign>:
    2a06:	3e f4       	brtc	.+14     	; 0x2a16 <.L6^B1>
    2a08:	90 95       	com	r25
    2a0a:	80 95       	com	r24
    2a0c:	70 95       	com	r23
    2a0e:	61 95       	neg	r22
    2a10:	7f 4f       	sbci	r23, 0xFF	; 255
    2a12:	8f 4f       	sbci	r24, 0xFF	; 255
    2a14:	9f 4f       	sbci	r25, 0xFF	; 255

00002a16 <.L6^B1>:
    2a16:	08 95       	ret

00002a18 <__fp_cmp>:
    2a18:	99 0f       	add	r25, r25
    2a1a:	00 08       	sbc	r0, r0
    2a1c:	55 0f       	add	r21, r21
    2a1e:	aa 0b       	sbc	r26, r26
    2a20:	e0 e8       	ldi	r30, 0x80	; 128
    2a22:	fe ef       	ldi	r31, 0xFE	; 254
    2a24:	16 16       	cp	r1, r22
    2a26:	17 06       	cpc	r1, r23
    2a28:	e8 07       	cpc	r30, r24
    2a2a:	f9 07       	cpc	r31, r25
    2a2c:	c0 f0       	brcs	.+48     	; 0x2a5e <.L9^B1>
    2a2e:	12 16       	cp	r1, r18
    2a30:	13 06       	cpc	r1, r19
    2a32:	e4 07       	cpc	r30, r20
    2a34:	f5 07       	cpc	r31, r21
    2a36:	98 f0       	brcs	.+38     	; 0x2a5e <.L9^B1>
    2a38:	62 1b       	sub	r22, r18
    2a3a:	73 0b       	sbc	r23, r19
    2a3c:	84 0b       	sbc	r24, r20
    2a3e:	95 0b       	sbc	r25, r21
    2a40:	39 f4       	brne	.+14     	; 0x2a50 <.L1^B1>
    2a42:	0a 26       	eor	r0, r26
    2a44:	61 f0       	breq	.+24     	; 0x2a5e <.L9^B1>
    2a46:	23 2b       	or	r18, r19
    2a48:	24 2b       	or	r18, r20
    2a4a:	25 2b       	or	r18, r21
    2a4c:	21 f4       	brne	.+8      	; 0x2a56 <.L2^B1>
    2a4e:	08 95       	ret

00002a50 <.L1^B1>:
    2a50:	0a 26       	eor	r0, r26
    2a52:	09 f4       	brne	.+2      	; 0x2a56 <.L2^B1>
    2a54:	a1 40       	sbci	r26, 0x01	; 1

00002a56 <.L2^B1>:
    2a56:	a6 95       	lsr	r26
    2a58:	8f ef       	ldi	r24, 0xFF	; 255
    2a5a:	81 1d       	adc	r24, r1
    2a5c:	81 1d       	adc	r24, r1

00002a5e <.L9^B1>:
    2a5e:	08 95       	ret

00002a60 <__fp_split3>:
    2a60:	57 fd       	sbrc	r21, 7
    2a62:	90 58       	subi	r25, 0x80	; 128
    2a64:	44 0f       	add	r20, r20
    2a66:	55 1f       	adc	r21, r21
    2a68:	59 f0       	breq	.+22     	; 0x2a80 <.L4^B1>
    2a6a:	5f 3f       	cpi	r21, 0xFF	; 255
    2a6c:	71 f0       	breq	.+28     	; 0x2a8a <.L5^B1>

00002a6e <.L1^B1>:
    2a6e:	47 95       	ror	r20

00002a70 <__fp_splitA>:
    2a70:	88 0f       	add	r24, r24
    2a72:	97 fb       	bst	r25, 7
    2a74:	99 1f       	adc	r25, r25
    2a76:	61 f0       	breq	.+24     	; 0x2a90 <.L6^B1>
    2a78:	9f 3f       	cpi	r25, 0xFF	; 255
    2a7a:	79 f0       	breq	.+30     	; 0x2a9a <.L7^B1>

00002a7c <.L3^B1>:
    2a7c:	87 95       	ror	r24
    2a7e:	08 95       	ret

00002a80 <.L4^B1>:
    2a80:	12 16       	cp	r1, r18
    2a82:	13 06       	cpc	r1, r19
    2a84:	14 06       	cpc	r1, r20
    2a86:	55 1f       	adc	r21, r21
    2a88:	f2 cf       	rjmp	.-28     	; 0x2a6e <.L1^B1>

00002a8a <.L5^B1>:
    2a8a:	46 95       	lsr	r20
    2a8c:	f1 df       	rcall	.-30     	; 0x2a70 <__fp_splitA>
    2a8e:	08 c0       	rjmp	.+16     	; 0x2aa0 <.L8^B1>

00002a90 <.L6^B1>:
    2a90:	16 16       	cp	r1, r22
    2a92:	17 06       	cpc	r1, r23
    2a94:	18 06       	cpc	r1, r24
    2a96:	99 1f       	adc	r25, r25
    2a98:	f1 cf       	rjmp	.-30     	; 0x2a7c <.L3^B1>

00002a9a <.L7^B1>:
    2a9a:	86 95       	lsr	r24
    2a9c:	71 05       	cpc	r23, r1
    2a9e:	61 05       	cpc	r22, r1

00002aa0 <.L8^B1>:
    2aa0:	08 94       	sec
    2aa2:	08 95       	ret

00002aa4 <__fp_zero>:
    2aa4:	e8 94       	clt

00002aa6 <__fp_szero>:
    2aa6:	bb 27       	eor	r27, r27
    2aa8:	66 27       	eor	r22, r22
    2aaa:	77 27       	eor	r23, r23
    2aac:	cb 01       	movw	r24, r22
    2aae:	97 f9       	bld	r25, 7
    2ab0:	08 95       	ret

00002ab2 <__gesf2>:
    2ab2:	0e 94 0c 15 	call	0x2a18	; 0x2a18 <__fp_cmp>
    2ab6:	08 f4       	brcc	.+2      	; 0x2aba <.L1^B1>
    2ab8:	8f ef       	ldi	r24, 0xFF	; 255

00002aba <.L1^B1>:
    2aba:	08 95       	ret

00002abc <__mulsf3>:
    2abc:	0e 94 71 15 	call	0x2ae2	; 0x2ae2 <__mulsf3x>
    2ac0:	0c 94 e2 15 	jmp	0x2bc4	; 0x2bc4 <__fp_round>

00002ac4 <.L0^B1>:
    2ac4:	0e 94 d4 15 	call	0x2ba8	; 0x2ba8 <__fp_pscA>
    2ac8:	38 f0       	brcs	.+14     	; 0x2ad8 <.L1^B1>
    2aca:	0e 94 db 15 	call	0x2bb6	; 0x2bb6 <__fp_pscB>
    2ace:	20 f0       	brcs	.+8      	; 0x2ad8 <.L1^B1>
    2ad0:	95 23       	and	r25, r21
    2ad2:	11 f0       	breq	.+4      	; 0x2ad8 <.L1^B1>
    2ad4:	0c 94 cb 15 	jmp	0x2b96	; 0x2b96 <__fp_inf>

00002ad8 <.L1^B1>:
    2ad8:	0c 94 d1 15 	jmp	0x2ba2	; 0x2ba2 <__fp_nan>

00002adc <.L2^B1>:
    2adc:	11 24       	eor	r1, r1
    2ade:	0c 94 53 15 	jmp	0x2aa6	; 0x2aa6 <__fp_szero>

00002ae2 <__mulsf3x>:
    2ae2:	0e 94 30 15 	call	0x2a60	; 0x2a60 <__fp_split3>
    2ae6:	70 f3       	brcs	.-36     	; 0x2ac4 <.L0^B1>

00002ae8 <__mulsf3_pse>:
    2ae8:	95 9f       	mul	r25, r21
    2aea:	c1 f3       	breq	.-16     	; 0x2adc <.L2^B1>
    2aec:	95 0f       	add	r25, r21
    2aee:	50 e0       	ldi	r21, 0x00	; 0
    2af0:	55 1f       	adc	r21, r21
    2af2:	62 9f       	mul	r22, r18
    2af4:	f0 01       	movw	r30, r0
    2af6:	72 9f       	mul	r23, r18
    2af8:	bb 27       	eor	r27, r27
    2afa:	f0 0d       	add	r31, r0
    2afc:	b1 1d       	adc	r27, r1
    2afe:	63 9f       	mul	r22, r19
    2b00:	aa 27       	eor	r26, r26
    2b02:	f0 0d       	add	r31, r0
    2b04:	b1 1d       	adc	r27, r1
    2b06:	aa 1f       	adc	r26, r26
    2b08:	64 9f       	mul	r22, r20
    2b0a:	66 27       	eor	r22, r22
    2b0c:	b0 0d       	add	r27, r0
    2b0e:	a1 1d       	adc	r26, r1
    2b10:	66 1f       	adc	r22, r22
    2b12:	82 9f       	mul	r24, r18
    2b14:	22 27       	eor	r18, r18
    2b16:	b0 0d       	add	r27, r0
    2b18:	a1 1d       	adc	r26, r1
    2b1a:	62 1f       	adc	r22, r18
    2b1c:	73 9f       	mul	r23, r19
    2b1e:	b0 0d       	add	r27, r0
    2b20:	a1 1d       	adc	r26, r1
    2b22:	62 1f       	adc	r22, r18
    2b24:	83 9f       	mul	r24, r19
    2b26:	a0 0d       	add	r26, r0
    2b28:	61 1d       	adc	r22, r1
    2b2a:	22 1f       	adc	r18, r18
    2b2c:	74 9f       	mul	r23, r20
    2b2e:	33 27       	eor	r19, r19
    2b30:	a0 0d       	add	r26, r0
    2b32:	61 1d       	adc	r22, r1
    2b34:	23 1f       	adc	r18, r19
    2b36:	84 9f       	mul	r24, r20
    2b38:	60 0d       	add	r22, r0
    2b3a:	21 1d       	adc	r18, r1
    2b3c:	82 2f       	mov	r24, r18
    2b3e:	76 2f       	mov	r23, r22
    2b40:	6a 2f       	mov	r22, r26
    2b42:	11 24       	eor	r1, r1
    2b44:	9f 57       	subi	r25, 0x7F	; 127
    2b46:	50 40       	sbci	r21, 0x00	; 0
    2b48:	9a f0       	brmi	.+38     	; 0x2b70 <.L13^B1>
    2b4a:	f1 f0       	breq	.+60     	; 0x2b88 <.L15^B1>

00002b4c <.L10^B1>:
    2b4c:	88 23       	and	r24, r24
    2b4e:	4a f0       	brmi	.+18     	; 0x2b62 <.L11^B1>
    2b50:	ee 0f       	add	r30, r30
    2b52:	ff 1f       	adc	r31, r31
    2b54:	bb 1f       	adc	r27, r27
    2b56:	66 1f       	adc	r22, r22
    2b58:	77 1f       	adc	r23, r23
    2b5a:	88 1f       	adc	r24, r24
    2b5c:	91 50       	subi	r25, 0x01	; 1
    2b5e:	50 40       	sbci	r21, 0x00	; 0
    2b60:	a9 f7       	brne	.-22     	; 0x2b4c <.L10^B1>

00002b62 <.L11^B1>:
    2b62:	9e 3f       	cpi	r25, 0xFE	; 254
    2b64:	51 05       	cpc	r21, r1
    2b66:	80 f0       	brcs	.+32     	; 0x2b88 <.L15^B1>
    2b68:	0c 94 cb 15 	jmp	0x2b96	; 0x2b96 <__fp_inf>

00002b6c <.L12^B1>:
    2b6c:	0c 94 53 15 	jmp	0x2aa6	; 0x2aa6 <__fp_szero>

00002b70 <.L13^B1>:
    2b70:	5f 3f       	cpi	r21, 0xFF	; 255
    2b72:	e4 f3       	brlt	.-8      	; 0x2b6c <.L12^B1>
    2b74:	98 3e       	cpi	r25, 0xE8	; 232
    2b76:	d4 f3       	brlt	.-12     	; 0x2b6c <.L12^B1>

00002b78 <.L14^B1>:
    2b78:	86 95       	lsr	r24
    2b7a:	77 95       	ror	r23
    2b7c:	67 95       	ror	r22
    2b7e:	b7 95       	ror	r27
    2b80:	f7 95       	ror	r31
    2b82:	e7 95       	ror	r30
    2b84:	9f 5f       	subi	r25, 0xFF	; 255
    2b86:	c1 f7       	brne	.-16     	; 0x2b78 <.L14^B1>

00002b88 <.L15^B1>:
    2b88:	fe 2b       	or	r31, r30
    2b8a:	88 0f       	add	r24, r24
    2b8c:	91 1d       	adc	r25, r1
    2b8e:	96 95       	lsr	r25
    2b90:	87 95       	ror	r24
    2b92:	97 f9       	bld	r25, 7
    2b94:	08 95       	ret

00002b96 <__fp_inf>:
    2b96:	97 f9       	bld	r25, 7
    2b98:	9f 67       	ori	r25, 0x7F	; 127
    2b9a:	80 e8       	ldi	r24, 0x80	; 128
    2b9c:	70 e0       	ldi	r23, 0x00	; 0
    2b9e:	60 e0       	ldi	r22, 0x00	; 0
    2ba0:	08 95       	ret

00002ba2 <__fp_nan>:
    2ba2:	9f ef       	ldi	r25, 0xFF	; 255
    2ba4:	80 ec       	ldi	r24, 0xC0	; 192
    2ba6:	08 95       	ret

00002ba8 <__fp_pscA>:
    2ba8:	00 24       	eor	r0, r0
    2baa:	0a 94       	dec	r0
    2bac:	16 16       	cp	r1, r22
    2bae:	17 06       	cpc	r1, r23
    2bb0:	18 06       	cpc	r1, r24
    2bb2:	09 06       	cpc	r0, r25
    2bb4:	08 95       	ret

00002bb6 <__fp_pscB>:
    2bb6:	00 24       	eor	r0, r0
    2bb8:	0a 94       	dec	r0
    2bba:	12 16       	cp	r1, r18
    2bbc:	13 06       	cpc	r1, r19
    2bbe:	14 06       	cpc	r1, r20
    2bc0:	05 06       	cpc	r0, r21
    2bc2:	08 95       	ret

00002bc4 <__fp_round>:
    2bc4:	09 2e       	mov	r0, r25
    2bc6:	03 94       	inc	r0
    2bc8:	00 0c       	add	r0, r0
    2bca:	11 f4       	brne	.+4      	; 0x2bd0 <.L1^B1>
    2bcc:	88 23       	and	r24, r24
    2bce:	52 f0       	brmi	.+20     	; 0x2be4 <.L3^B1>

00002bd0 <.L1^B1>:
    2bd0:	bb 0f       	add	r27, r27
    2bd2:	40 f4       	brcc	.+16     	; 0x2be4 <.L3^B1>
    2bd4:	bf 2b       	or	r27, r31
    2bd6:	11 f4       	brne	.+4      	; 0x2bdc <.L2^B1>
    2bd8:	60 ff       	sbrs	r22, 0
    2bda:	04 c0       	rjmp	.+8      	; 0x2be4 <.L3^B1>

00002bdc <.L2^B1>:
    2bdc:	6f 5f       	subi	r22, 0xFF	; 255
    2bde:	7f 4f       	sbci	r23, 0xFF	; 255
    2be0:	8f 4f       	sbci	r24, 0xFF	; 255
    2be2:	9f 4f       	sbci	r25, 0xFF	; 255

00002be4 <.L3^B1>:
    2be4:	08 95       	ret

00002be6 <_exit>:
    2be6:	f8 94       	cli

00002be8 <__stop_program>:
    2be8:	ff cf       	rjmp	.-2      	; 0x2be8 <__stop_program>
